side_id,section,tote_id
A001,A001-AA,A001-AA-001
A001,A001-AA,A001-AA-002
A001,A001-AA,A001-AA-003
A001,A001-AA,A001-AA-011
A001,A001-AA,A001-AA-012
A001,A001-AA,A001-AA-013
A001,A001-AA,A001-AA-021
A001,A001-AA,A001-AA-022
A001,A001-AA,A001-AA-023
A001,A001-AA,A001-AA-031
A001,A001-AA,A001-AA-032
A001,A001-AA,A001-AA-033
A001,A001-AA,A001-AA-041
A001,A001-AA,A001-AA-042
A001,A001-AA,A001-AA-043
A001,A001-AA,A001-AA-051
A001,A001-AA,A001-AA-052
A001,A001-AA,A001-AA-053
A001,A001-AB,A001-AB-001
A001,A001-AB,A001-AB-002
A001,A001-AB,A001-AB-003
A001,A001-AB,A001-AB-011
A001,A001-AB,A001-AB-012
A001,A001-AB,A001-AB-013
A001,A001-AB,A001-AB-021
A001,A001-AB,A001-AB-022
A001,A001-AB,A001-AB-023
A001,A001-AB,A001-AB-031
A001,A001-AB,A001-AB-032
A001,A001-AB,A001-AB-033
A001,A001-AB,A001-AB-041
A001,A001-AB,A001-AB-042
A001,A001-AB,A001-AB-043
A001,A001-AB,A001-AB-051
A001,A001-AB,A001-AB-052
A001,A001-AB,A001-AB-053
A001,A001-AC,A001-AC-001
A001,A001-AC,A001-AC-002
A001,A001-AC,A001-AC-003
A001,A001-AC,A001-AC-011
A001,A001-AC,A001-AC-012
A001,A001-AC,A001-AC-013
A001,A001-AC,A001-AC-021
A001,A001-AC,A001-AC-022
A001,A001-AC,A001-AC-023
A001,A001-AC,A001-AC-031
A001,A001-AC,A001-AC-032
A001,A001-AC,A001-AC-033
A001,A001-AC,A001-AC-041
A001,A001-AC,A001-AC-042
A001,A001-AC,A001-AC-043
A001,A001-AC,A001-AC-051
A001,A001-AC,A001-AC-052
A001,A001-AC,A001-AC-053
A001,A001-AD,A001-AD-001
A001,A001-AD,A001-AD-002
A001,A001-AD,A001-AD-003
A001,A001-AD,A001-AD-011
A001,A001-AD,A001-AD-012
A001,A001-AD,A001-AD-013
A001,A001-AD,A001-AD-021
A001,A001-AD,A001-AD-022
A001,A001-AD,A001-AD-023
A001,A001-AD,A001-AD-031
A001,A001-AD,A001-AD-032
A001,A001-AD,A001-AD-033
A001,A001-AD,A001-AD-041
A001,A001-AD,A001-AD-042
A001,A001-AD,A001-AD-043
A001,A001-AD,A001-AD-051
A001,A001-AD,A001-AD-052
A001,A001-AD,A001-AD-053
A001,A001-AE,A001-AE-001
A001,A001-AE,A001-AE-002
A001,A001-AE,A001-AE-003
A001,A001-AE,A001-AE-011
A001,A001-AE,A001-AE-012
A001,A001-AE,A001-AE-013
A001,A001-AE,A001-AE-021
A001,A001-AE,A001-AE-022
A001,A001-AE,A001-AE-023
A001,A001-AE,A001-AE-031
A001,A001-AE,A001-AE-032
A001,A001-AE,A001-AE-033
A001,A001-AE,A001-AE-041
A001,A001-AE,A001-AE-042
A001,A001-AE,A001-AE-043
A001,A001-AE,A001-AE-051
A001,A001-AE,A001-AE-052
A001,A001-AE,A001-AE-053
A001,A001-AF,A001-AF-001
A001,A001-AF,A001-AF-002
A001,A001-AF,A001-AF-003
A001,A001-AF,A001-AF-011
A001,A001-AF,A001-AF-012
A001,A001-AF,A001-AF-013
A001,A001-AF,A001-AF-021
A001,A001-AF,A001-AF-022
A001,A001-AF,A001-AF-023
A001,A001-AF,A001-AF-031
A001,A001-AF,A001-AF-032
A001,A001-AF,A001-AF-033
A001,A001-AF,A001-AF-041
A001,A001-AF,A001-AF-042
A001,A001-AF,A001-AF-043
A001,A001-AF,A001-AF-051
A001,A001-AF,A001-AF-052
A001,A001-AF,A001-AF-053
A001,A001-AG,A001-AG-001
A001,A001-AG,A001-AG-002
A001,A001-AG,A001-AG-003
A001,A001-AG,A001-AG-011
A001,A001-AG,A001-AG-012
A001,A001-AG,A001-AG-013
A001,A001-AG,A001-AG-021
A001,A001-AG,A001-AG-022
A001,A001-AG,A001-AG-023
A001,A001-AG,A001-AG-031
A001,A001-AG,A001-AG-032
A001,A001-AG,A001-AG-033
A001,A001-AG,A001-AG-041
A001,A001-AG,A001-AG-042
A001,A001-AG,A001-AG-043
A001,A001-AG,A001-AG-051
A001,A001-AG,A001-AG-052
A001,A001-AG,A001-AG-053
A001,A001-AH,A001-AH-001
A001,A001-AH,A001-AH-002
A001,A001-AH,A001-AH-003
A001,A001-AH,A001-AH-011
A001,A001-AH,A001-AH-012
A001,A001-AH,A001-AH-013
A001,A001-AH,A001-AH-021
A001,A001-AH,A001-AH-022
A001,A001-AH,A001-AH-023
A001,A001-AH,A001-AH-031
A001,A001-AH,A001-AH-032
A001,A001-AH,A001-AH-033
A001,A001-AH,A001-AH-041
A001,A001-AH,A001-AH-042
A001,A001-AH,A001-AH-043
A001,A001-AH,A001-AH-051
A001,A001-AH,A001-AH-052
A001,A001-AH,A001-AH-053
A001,A001-AI,A001-AI-001
A001,A001-AI,A001-AI-002
A001,A001-AI,A001-AI-003
A001,A001-AI,A001-AI-011
A001,A001-AI,A001-AI-012
A001,A001-AI,A001-AI-013
A001,A001-AI,A001-AI-021
A001,A001-AI,A001-AI-022
A001,A001-AI,A001-AI-023
A001,A001-AI,A001-AI-031
A001,A001-AI,A001-AI-032
A001,A001-AI,A001-AI-033
A001,A001-AI,A001-AI-041
A001,A001-AI,A001-AI-042
A001,A001-AI,A001-AI-043
A001,A001-AI,A001-AI-051
A001,A001-AI,A001-AI-052
A001,A001-AI,A001-AI-053
A001,A001-AJ,A001-AJ-001
A001,A001-AJ,A001-AJ-002
A001,A001-AJ,A001-AJ-003
A001,A001-AJ,A001-AJ-011
A001,A001-AJ,A001-AJ-012
A001,A001-AJ,A001-AJ-013
A001,A001-AJ,A001-AJ-021
A001,A001-AJ,A001-AJ-022
A001,A001-AJ,A001-AJ-023
A001,A001-AJ,A001-AJ-031
A001,A001-AJ,A001-AJ-032
A001,A001-AJ,A001-AJ-033
A001,A001-AJ,A001-AJ-041
A001,A001-AJ,A001-AJ-042
A001,A001-AJ,A001-AJ-043
A001,A001-AJ,A001-AJ-051
A001,A001-AJ,A001-AJ-052
A001,A001-AJ,A001-AJ-053
A002,A002-AA,A002-AA-001
A002,A002-AA,A002-AA-002
A002,A002-AA,A002-AA-003
A002,A002-AA,A002-AA-011
A002,A002-AA,A002-AA-012
A002,A002-AA,A002-AA-013
A002,A002-AA,A002-AA-021
A002,A002-AA,A002-AA-022
A002,A002-AA,A002-AA-023
A002,A002-AA,A002-AA-031
A002,A002-AA,A002-AA-032
A002,A002-AA,A002-AA-033
A002,A002-AA,A002-AA-041
A002,A002-AA,A002-AA-042
A002,A002-AA,A002-AA-043
A002,A002-AA,A002-AA-051
A002,A002-AA,A002-AA-052
A002,A002-AA,A002-AA-053
A002,A002-AB,A002-AB-001
A002,A002-AB,A002-AB-002
A002,A002-AB,A002-AB-003
A002,A002-AB,A002-AB-011
A002,A002-AB,A002-AB-012
A002,A002-AB,A002-AB-013
A002,A002-AB,A002-AB-021
A002,A002-AB,A002-AB-022
A002,A002-AB,A002-AB-023
A002,A002-AB,A002-AB-031
A002,A002-AB,A002-AB-032
A002,A002-AB,A002-AB-033
A002,A002-AB,A002-AB-041
A002,A002-AB,A002-AB-042
A002,A002-AB,A002-AB-043
A002,A002-AB,A002-AB-051
A002,A002-AB,A002-AB-052
A002,A002-AB,A002-AB-053
A002,A002-AC,A002-AC-001
A002,A002-AC,A002-AC-002
A002,A002-AC,A002-AC-003
A002,A002-AC,A002-AC-011
A002,A002-AC,A002-AC-012
A002,A002-AC,A002-AC-013
A002,A002-AC,A002-AC-021
A002,A002-AC,A002-AC-022
A002,A002-AC,A002-AC-023
A002,A002-AC,A002-AC-031
A002,A002-AC,A002-AC-032
A002,A002-AC,A002-AC-033
A002,A002-AC,A002-AC-041
A002,A002-AC,A002-AC-042
A002,A002-AC,A002-AC-043
A002,A002-AC,A002-AC-051
A002,A002-AC,A002-AC-052
A002,A002-AC,A002-AC-053
A002,A002-AD,A002-AD-001
A002,A002-AD,A002-AD-002
A002,A002-AD,A002-AD-003
A002,A002-AD,A002-AD-011
A002,A002-AD,A002-AD-012
A002,A002-AD,A002-AD-013
A002,A002-AD,A002-AD-021
A002,A002-AD,A002-AD-022
A002,A002-AD,A002-AD-023
A002,A002-AD,A002-AD-031
A002,A002-AD,A002-AD-032
A002,A002-AD,A002-AD-033
A002,A002-AD,A002-AD-041
A002,A002-AD,A002-AD-042
A002,A002-AD,A002-AD-043
A002,A002-AD,A002-AD-051
A002,A002-AD,A002-AD-052
A002,A002-AD,A002-AD-053
A002,A002-AE,A002-AE-001
A002,A002-AE,A002-AE-002
A002,A002-AE,A002-AE-003
A002,A002-AE,A002-AE-011
A002,A002-AE,A002-AE-012
A002,A002-AE,A002-AE-013
A002,A002-AE,A002-AE-021
A002,A002-AE,A002-AE-022
A002,A002-AE,A002-AE-023
A002,A002-AE,A002-AE-031
A002,A002-AE,A002-AE-032
A002,A002-AE,A002-AE-033
A002,A002-AE,A002-AE-041
A002,A002-AE,A002-AE-042
A002,A002-AE,A002-AE-043
A002,A002-AE,A002-AE-051
A002,A002-AE,A002-AE-052
A002,A002-AE,A002-AE-053
A002,A002-AF,A002-AF-001
A002,A002-AF,A002-AF-002
A002,A002-AF,A002-AF-003
A002,A002-AF,A002-AF-011
A002,A002-AF,A002-AF-012
A002,A002-AF,A002-AF-013
A002,A002-AF,A002-AF-021
A002,A002-AF,A002-AF-022
A002,A002-AF,A002-AF-023
A002,A002-AF,A002-AF-031
A002,A002-AF,A002-AF-032
A002,A002-AF,A002-AF-033
A002,A002-AF,A002-AF-041
A002,A002-AF,A002-AF-042
A002,A002-AF,A002-AF-043
A002,A002-AF,A002-AF-051
A002,A002-AF,A002-AF-052
A002,A002-AF,A002-AF-053
A002,A002-AG,A002-AG-001
A002,A002-AG,A002-AG-002
A002,A002-AG,A002-AG-003
A002,A002-AG,A002-AG-011
A002,A002-AG,A002-AG-012
A002,A002-AG,A002-AG-013
A002,A002-AG,A002-AG-021
A002,A002-AG,A002-AG-022
A002,A002-AG,A002-AG-023
A002,A002-AG,A002-AG-031
A002,A002-AG,A002-AG-032
A002,A002-AG,A002-AG-033
A002,A002-AG,A002-AG-041
A002,A002-AG,A002-AG-042
A002,A002-AG,A002-AG-043
A002,A002-AG,A002-AG-051
A002,A002-AG,A002-AG-052
A002,A002-AG,A002-AG-053
A002,A002-AH,A002-AH-001
A002,A002-AH,A002-AH-002
A002,A002-AH,A002-AH-003
A002,A002-AH,A002-AH-011
A002,A002-AH,A002-AH-012
A002,A002-AH,A002-AH-013
A002,A002-AH,A002-AH-021
A002,A002-AH,A002-AH-022
A002,A002-AH,A002-AH-023
A002,A002-AH,A002-AH-031
A002,A002-AH,A002-AH-032
A002,A002-AH,A002-AH-033
A002,A002-AH,A002-AH-041
A002,A002-AH,A002-AH-042
A002,A002-AH,A002-AH-043
A002,A002-AH,A002-AH-051
A002,A002-AH,A002-AH-052
A002,A002-AH,A002-AH-053
A002,A002-AI,A002-AI-001
A002,A002-AI,A002-AI-002
A002,A002-AI,A002-AI-003
A002,A002-AI,A002-AI-011
A002,A002-AI,A002-AI-012
A002,A002-AI,A002-AI-013
A002,A002-AI,A002-AI-021
A002,A002-AI,A002-AI-022
A002,A002-AI,A002-AI-023
A002,A002-AI,A002-AI-031
A002,A002-AI,A002-AI-032
A002,A002-AI,A002-AI-033
A002,A002-AI,A002-AI-041
A002,A002-AI,A002-AI-042
A002,A002-AI,A002-AI-043
A002,A002-AI,A002-AI-051
A002,A002-AI,A002-AI-052
A002,A002-AI,A002-AI-053
A002,A002-AJ,A002-AJ-001
A002,A002-AJ,A002-AJ-002
A002,A002-AJ,A002-AJ-003
A002,A002-AJ,A002-AJ-011
A002,A002-AJ,A002-AJ-012
A002,A002-AJ,A002-AJ-013
A002,A002-AJ,A002-AJ-021
A002,A002-AJ,A002-AJ-022
A002,A002-AJ,A002-AJ-023
A002,A002-AJ,A002-AJ-031
A002,A002-AJ,A002-AJ-032
A002,A002-AJ,A002-AJ-033
A002,A002-AJ,A002-AJ-041
A002,A002-AJ,A002-AJ-042
A002,A002-AJ,A002-AJ-043
A002,A002-AJ,A002-AJ-051
A002,A002-AJ,A002-AJ-052
A002,A002-AJ,A002-AJ-053
A003,A003-AA,A003-AA-001
A003,A003-AA,A003-AA-002
A003,A003-AA,A003-AA-003
A003,A003-AA,A003-AA-011
A003,A003-AA,A003-AA-012
A003,A003-AA,A003-AA-013
A003,A003-AA,A003-AA-021
A003,A003-AA,A003-AA-022
A003,A003-AA,A003-AA-023
A003,A003-AA,A003-AA-031
A003,A003-AA,A003-AA-032
A003,A003-AA,A003-AA-033
A003,A003-AA,A003-AA-041
A003,A003-AA,A003-AA-042
A003,A003-AA,A003-AA-043
A003,A003-AA,A003-AA-051
A003,A003-AA,A003-AA-052
A003,A003-AA,A003-AA-053
A003,A003-AB,A003-AB-001
A003,A003-AB,A003-AB-002
A003,A003-AB,A003-AB-003
A003,A003-AB,A003-AB-011
A003,A003-AB,A003-AB-012
A003,A003-AB,A003-AB-013
A003,A003-AB,A003-AB-021
A003,A003-AB,A003-AB-022
A003,A003-AB,A003-AB-023
A003,A003-AB,A003-AB-031
A003,A003-AB,A003-AB-032
A003,A003-AB,A003-AB-033
A003,A003-AB,A003-AB-041
A003,A003-AB,A003-AB-042
A003,A003-AB,A003-AB-043
A003,A003-AB,A003-AB-051
A003,A003-AB,A003-AB-052
A003,A003-AB,A003-AB-053
A003,A003-AC,A003-AC-001
A003,A003-AC,A003-AC-002
A003,A003-AC,A003-AC-003
A003,A003-AC,A003-AC-011
A003,A003-AC,A003-AC-012
A003,A003-AC,A003-AC-013
A003,A003-AC,A003-AC-021
A003,A003-AC,A003-AC-022
A003,A003-AC,A003-AC-023
A003,A003-AC,A003-AC-031
A003,A003-AC,A003-AC-032
A003,A003-AC,A003-AC-033
A003,A003-AC,A003-AC-041
A003,A003-AC,A003-AC-042
A003,A003-AC,A003-AC-043
A003,A003-AC,A003-AC-051
A003,A003-AC,A003-AC-052
A003,A003-AC,A003-AC-053
A003,A003-AD,A003-AD-001
A003,A003-AD,A003-AD-002
A003,A003-AD,A003-AD-003
A003,A003-AD,A003-AD-011
A003,A003-AD,A003-AD-012
A003,A003-AD,A003-AD-013
A003,A003-AD,A003-AD-021
A003,A003-AD,A003-AD-022
A003,A003-AD,A003-AD-023
A003,A003-AD,A003-AD-031
A003,A003-AD,A003-AD-032
A003,A003-AD,A003-AD-033
A003,A003-AD,A003-AD-041
A003,A003-AD,A003-AD-042
A003,A003-AD,A003-AD-043
A003,A003-AD,A003-AD-051
A003,A003-AD,A003-AD-052
A003,A003-AD,A003-AD-053
A003,A003-AE,A003-AE-001
A003,A003-AE,A003-AE-002
A003,A003-AE,A003-AE-003
A003,A003-AE,A003-AE-011
A003,A003-AE,A003-AE-012
A003,A003-AE,A003-AE-013
A003,A003-AE,A003-AE-021
A003,A003-AE,A003-AE-022
A003,A003-AE,A003-AE-023
A003,A003-AE,A003-AE-031
A003,A003-AE,A003-AE-032
A003,A003-AE,A003-AE-033
A003,A003-AE,A003-AE-041
A003,A003-AE,A003-AE-042
A003,A003-AE,A003-AE-043
A003,A003-AE,A003-AE-051
A003,A003-AE,A003-AE-052
A003,A003-AE,A003-AE-053
A003,A003-AF,A003-AF-001
A003,A003-AF,A003-AF-002
A003,A003-AF,A003-AF-003
A003,A003-AF,A003-AF-011
A003,A003-AF,A003-AF-012
A003,A003-AF,A003-AF-013
A003,A003-AF,A003-AF-021
A003,A003-AF,A003-AF-022
A003,A003-AF,A003-AF-023
A003,A003-AF,A003-AF-031
A003,A003-AF,A003-AF-032
A003,A003-AF,A003-AF-033
A003,A003-AF,A003-AF-041
A003,A003-AF,A003-AF-042
A003,A003-AF,A003-AF-043
A003,A003-AF,A003-AF-051
A003,A003-AF,A003-AF-052
A003,A003-AF,A003-AF-053
A003,A003-AG,A003-AG-001
A003,A003-AG,A003-AG-002
A003,A003-AG,A003-AG-003
A003,A003-AG,A003-AG-011
A003,A003-AG,A003-AG-012
A003,A003-AG,A003-AG-013
A003,A003-AG,A003-AG-021
A003,A003-AG,A003-AG-022
A003,A003-AG,A003-AG-023
A003,A003-AG,A003-AG-031
A003,A003-AG,A003-AG-032
A003,A003-AG,A003-AG-033
A003,A003-AG,A003-AG-041
A003,A003-AG,A003-AG-042
A003,A003-AG,A003-AG-043
A003,A003-AG,A003-AG-051
A003,A003-AG,A003-AG-052
A003,A003-AG,A003-AG-053
A003,A003-AH,A003-AH-001
A003,A003-AH,A003-AH-002
A003,A003-AH,A003-AH-003
A003,A003-AH,A003-AH-011
A003,A003-AH,A003-AH-012
A003,A003-AH,A003-AH-013
A003,A003-AH,A003-AH-021
A003,A003-AH,A003-AH-022
A003,A003-AH,A003-AH-023
A003,A003-AH,A003-AH-031
A003,A003-AH,A003-AH-032
A003,A003-AH,A003-AH-033
A003,A003-AH,A003-AH-041
A003,A003-AH,A003-AH-042
A003,A003-AH,A003-AH-043
A003,A003-AH,A003-AH-051
A003,A003-AH,A003-AH-052
A003,A003-AH,A003-AH-053
A003,A003-AI,A003-AI-001
A003,A003-AI,A003-AI-002
A003,A003-AI,A003-AI-003
A003,A003-AI,A003-AI-011
A003,A003-AI,A003-AI-012
A003,A003-AI,A003-AI-013
A003,A003-AI,A003-AI-021
A003,A003-AI,A003-AI-022
A003,A003-AI,A003-AI-023
A003,A003-AI,A003-AI-031
A003,A003-AI,A003-AI-032
A003,A003-AI,A003-AI-033
A003,A003-AI,A003-AI-041
A003,A003-AI,A003-AI-042
A003,A003-AI,A003-AI-043
A003,A003-AI,A003-AI-051
A003,A003-AI,A003-AI-052
A003,A003-AI,A003-AI-053
A003,A003-AJ,A003-AJ-001
A003,A003-AJ,A003-AJ-002
A003,A003-AJ,A003-AJ-003
A003,A003-AJ,A003-AJ-011
A003,A003-AJ,A003-AJ-012
A003,A003-AJ,A003-AJ-013
A003,A003-AJ,A003-AJ-021
A003,A003-AJ,A003-AJ-022
A003,A003-AJ,A003-AJ-023
A003,A003-AJ,A003-AJ-031
A003,A003-AJ,A003-AJ-032
A003,A003-AJ,A003-AJ-033
A003,A003-AJ,A003-AJ-041
A003,A003-AJ,A003-AJ-042
A003,A003-AJ,A003-AJ-043
A003,A003-AJ,A003-AJ-051
A003,A003-AJ,A003-AJ-052
A003,A003-AJ,A003-AJ-053
A004,A004-AA,A004-AA-001
A004,A004-AA,A004-AA-002
A004,A004-AA,A004-AA-003
A004,A004-AA,A004-AA-011
A004,A004-AA,A004-AA-012
A004,A004-AA,A004-AA-013
A004,A004-AA,A004-AA-021
A004,A004-AA,A004-AA-022
A004,A004-AA,A004-AA-023
A004,A004-AA,A004-AA-031
A004,A004-AA,A004-AA-032
A004,A004-AA,A004-AA-033
A004,A004-AA,A004-AA-041
A004,A004-AA,A004-AA-042
A004,A004-AA,A004-AA-043
A004,A004-AA,A004-AA-051
A004,A004-AA,A004-AA-052
A004,A004-AA,A004-AA-053
A004,A004-AB,A004-AB-001
A004,A004-AB,A004-AB-002
A004,A004-AB,A004-AB-003
A004,A004-AB,A004-AB-011
A004,A004-AB,A004-AB-012
A004,A004-AB,A004-AB-013
A004,A004-AB,A004-AB-021
A004,A004-AB,A004-AB-022
A004,A004-AB,A004-AB-023
A004,A004-AB,A004-AB-031
A004,A004-AB,A004-AB-032
A004,A004-AB,A004-AB-033
A004,A004-AB,A004-AB-041
A004,A004-AB,A004-AB-042
A004,A004-AB,A004-AB-043
A004,A004-AB,A004-AB-051
A004,A004-AB,A004-AB-052
A004,A004-AB,A004-AB-053
A004,A004-AC,A004-AC-001
A004,A004-AC,A004-AC-002
A004,A004-AC,A004-AC-003
A004,A004-AC,A004-AC-011
A004,A004-AC,A004-AC-012
A004,A004-AC,A004-AC-013
A004,A004-AC,A004-AC-021
A004,A004-AC,A004-AC-022
A004,A004-AC,A004-AC-023
A004,A004-AC,A004-AC-031
A004,A004-AC,A004-AC-032
A004,A004-AC,A004-AC-033
A004,A004-AC,A004-AC-041
A004,A004-AC,A004-AC-042
A004,A004-AC,A004-AC-043
A004,A004-AC,A004-AC-051
A004,A004-AC,A004-AC-052
A004,A004-AC,A004-AC-053
A004,A004-AD,A004-AD-001
A004,A004-AD,A004-AD-002
A004,A004-AD,A004-AD-003
A004,A004-AD,A004-AD-011
A004,A004-AD,A004-AD-012
A004,A004-AD,A004-AD-013
A004,A004-AD,A004-AD-021
A004,A004-AD,A004-AD-022
A004,A004-AD,A004-AD-023
A004,A004-AD,A004-AD-031
A004,A004-AD,A004-AD-032
A004,A004-AD,A004-AD-033
A004,A004-AD,A004-AD-041
A004,A004-AD,A004-AD-042
A004,A004-AD,A004-AD-043
A004,A004-AD,A004-AD-051
A004,A004-AD,A004-AD-052
A004,A004-AD,A004-AD-053
A004,A004-AE,A004-AE-001
A004,A004-AE,A004-AE-002
A004,A004-AE,A004-AE-003
A004,A004-AE,A004-AE-011
A004,A004-AE,A004-AE-012
A004,A004-AE,A004-AE-013
A004,A004-AE,A004-AE-021
A004,A004-AE,A004-AE-022
A004,A004-AE,A004-AE-023
A004,A004-AE,A004-AE-031
A004,A004-AE,A004-AE-032
A004,A004-AE,A004-AE-033
A004,A004-AE,A004-AE-041
A004,A004-AE,A004-AE-042
A004,A004-AE,A004-AE-043
A004,A004-AE,A004-AE-051
A004,A004-AE,A004-AE-052
A004,A004-AE,A004-AE-053
A004,A004-AF,A004-AF-001
A004,A004-AF,A004-AF-002
A004,A004-AF,A004-AF-003
A004,A004-AF,A004-AF-011
A004,A004-AF,A004-AF-012
A004,A004-AF,A004-AF-013
A004,A004-AF,A004-AF-021
A004,A004-AF,A004-AF-022
A004,A004-AF,A004-AF-023
A004,A004-AF,A004-AF-031
A004,A004-AF,A004-AF-032
A004,A004-AF,A004-AF-033
A004,A004-AF,A004-AF-041
A004,A004-AF,A004-AF-042
A004,A004-AF,A004-AF-043
A004,A004-AF,A004-AF-051
A004,A004-AF,A004-AF-052
A004,A004-AF,A004-AF-053
A004,A004-AG,A004-AG-001
A004,A004-AG,A004-AG-002
A004,A004-AG,A004-AG-003
A004,A004-AG,A004-AG-011
A004,A004-AG,A004-AG-012
A004,A004-AG,A004-AG-013
A004,A004-AG,A004-AG-021
A004,A004-AG,A004-AG-022
A004,A004-AG,A004-AG-023
A004,A004-AG,A004-AG-031
A004,A004-AG,A004-AG-032
A004,A004-AG,A004-AG-033
A004,A004-AG,A004-AG-041
A004,A004-AG,A004-AG-042
A004,A004-AG,A004-AG-043
A004,A004-AG,A004-AG-051
A004,A004-AG,A004-AG-052
A004,A004-AG,A004-AG-053
A004,A004-AH,A004-AH-001
A004,A004-AH,A004-AH-002
A004,A004-AH,A004-AH-003
A004,A004-AH,A004-AH-011
A004,A004-AH,A004-AH-012
A004,A004-AH,A004-AH-013
A004,A004-AH,A004-AH-021
A004,A004-AH,A004-AH-022
A004,A004-AH,A004-AH-023
A004,A004-AH,A004-AH-031
A004,A004-AH,A004-AH-032
A004,A004-AH,A004-AH-033
A004,A004-AH,A004-AH-041
A004,A004-AH,A004-AH-042
A004,A004-AH,A004-AH-043
A004,A004-AH,A004-AH-051
A004,A004-AH,A004-AH-052
A004,A004-AH,A004-AH-053
A004,A004-AI,A004-AI-001
A004,A004-AI,A004-AI-002
A004,A004-AI,A004-AI-003
A004,A004-AI,A004-AI-011
A004,A004-AI,A004-AI-012
A004,A004-AI,A004-AI-013
A004,A004-AI,A004-AI-021
A004,A004-AI,A004-AI-022
A004,A004-AI,A004-AI-023
A004,A004-AI,A004-AI-031
A004,A004-AI,A004-AI-032
A004,A004-AI,A004-AI-033
A004,A004-AI,A004-AI-041
A004,A004-AI,A004-AI-042
A004,A004-AI,A004-AI-043
A004,A004-AI,A004-AI-051
A004,A004-AI,A004-AI-052
A004,A004-AI,A004-AI-053
A004,A004-AJ,A004-AJ-001
A004,A004-AJ,A004-AJ-002
A004,A004-AJ,A004-AJ-003
A004,A004-AJ,A004-AJ-011
A004,A004-AJ,A004-AJ-012
A004,A004-AJ,A004-AJ-013
A004,A004-AJ,A004-AJ-021
A004,A004-AJ,A004-AJ-022
A004,A004-AJ,A004-AJ-023
A004,A004-AJ,A004-AJ-031
A004,A004-AJ,A004-AJ-032
A004,A004-AJ,A004-AJ-033
A004,A004-AJ,A004-AJ-041
A004,A004-AJ,A004-AJ-042
A004,A004-AJ,A004-AJ-043
A004,A004-AJ,A004-AJ-051
A004,A004-AJ,A004-AJ-052
A004,A004-AJ,A004-AJ-053
A005,A005-AA,A005-AA-001
A005,A005-AA,A005-AA-002
A005,A005-AA,A005-AA-003
A005,A005-AA,A005-AA-011
A005,A005-AA,A005-AA-012
A005,A005-AA,A005-AA-013
A005,A005-AA,A005-AA-021
A005,A005-AA,A005-AA-022
A005,A005-AA,A005-AA-023
A005,A005-AA,A005-AA-031
A005,A005-AA,A005-AA-032
A005,A005-AA,A005-AA-033
A005,A005-AA,A005-AA-041
A005,A005-AA,A005-AA-042
A005,A005-AA,A005-AA-043
A005,A005-AA,A005-AA-051
A005,A005-AA,A005-AA-052
A005,A005-AA,A005-AA-053
A005,A005-AB,A005-AB-001
A005,A005-AB,A005-AB-002
A005,A005-AB,A005-AB-003
A005,A005-AB,A005-AB-011
A005,A005-AB,A005-AB-012
A005,A005-AB,A005-AB-013
A005,A005-AB,A005-AB-021
A005,A005-AB,A005-AB-022
A005,A005-AB,A005-AB-023
A005,A005-AB,A005-AB-031
A005,A005-AB,A005-AB-032
A005,A005-AB,A005-AB-033
A005,A005-AB,A005-AB-041
A005,A005-AB,A005-AB-042
A005,A005-AB,A005-AB-043
A005,A005-AB,A005-AB-051
A005,A005-AB,A005-AB-052
A005,A005-AB,A005-AB-053
A005,A005-AC,A005-AC-001
A005,A005-AC,A005-AC-002
A005,A005-AC,A005-AC-003
A005,A005-AC,A005-AC-011
A005,A005-AC,A005-AC-012
A005,A005-AC,A005-AC-013
A005,A005-AC,A005-AC-021
A005,A005-AC,A005-AC-022
A005,A005-AC,A005-AC-023
A005,A005-AC,A005-AC-031
A005,A005-AC,A005-AC-032
A005,A005-AC,A005-AC-033
A005,A005-AC,A005-AC-041
A005,A005-AC,A005-AC-042
A005,A005-AC,A005-AC-043
A005,A005-AC,A005-AC-051
A005,A005-AC,A005-AC-052
A005,A005-AC,A005-AC-053
A005,A005-AD,A005-AD-001
A005,A005-AD,A005-AD-002
A005,A005-AD,A005-AD-003
A005,A005-AD,A005-AD-011
A005,A005-AD,A005-AD-012
A005,A005-AD,A005-AD-013
A005,A005-AD,A005-AD-021
A005,A005-AD,A005-AD-022
A005,A005-AD,A005-AD-023
A005,A005-AD,A005-AD-031
A005,A005-AD,A005-AD-032
A005,A005-AD,A005-AD-033
A005,A005-AD,A005-AD-041
A005,A005-AD,A005-AD-042
A005,A005-AD,A005-AD-043
A005,A005-AD,A005-AD-051
A005,A005-AD,A005-AD-052
A005,A005-AD,A005-AD-053
A005,A005-AE,A005-AE-001
A005,A005-AE,A005-AE-002
A005,A005-AE,A005-AE-003
A005,A005-AE,A005-AE-011
A005,A005-AE,A005-AE-012
A005,A005-AE,A005-AE-013
A005,A005-AE,A005-AE-021
A005,A005-AE,A005-AE-022
A005,A005-AE,A005-AE-023
A005,A005-AE,A005-AE-031
A005,A005-AE,A005-AE-032
A005,A005-AE,A005-AE-033
A005,A005-AE,A005-AE-041
A005,A005-AE,A005-AE-042
A005,A005-AE,A005-AE-043
A005,A005-AE,A005-AE-051
A005,A005-AE,A005-AE-052
A005,A005-AE,A005-AE-053
A005,A005-AF,A005-AF-001
A005,A005-AF,A005-AF-002
A005,A005-AF,A005-AF-003
A005,A005-AF,A005-AF-011
A005,A005-AF,A005-AF-012
A005,A005-AF,A005-AF-013
A005,A005-AF,A005-AF-021
A005,A005-AF,A005-AF-022
A005,A005-AF,A005-AF-023
A005,A005-AF,A005-AF-031
A005,A005-AF,A005-AF-032
A005,A005-AF,A005-AF-033
A005,A005-AF,A005-AF-041
A005,A005-AF,A005-AF-042
A005,A005-AF,A005-AF-043
A005,A005-AF,A005-AF-051
A005,A005-AF,A005-AF-052
A005,A005-AF,A005-AF-053
A005,A005-AG,A005-AG-001
A005,A005-AG,A005-AG-002
A005,A005-AG,A005-AG-003
A005,A005-AG,A005-AG-011
A005,A005-AG,A005-AG-012
A005,A005-AG,A005-AG-013
A005,A005-AG,A005-AG-021
A005,A005-AG,A005-AG-022
A005,A005-AG,A005-AG-023
A005,A005-AG,A005-AG-031
A005,A005-AG,A005-AG-032
A005,A005-AG,A005-AG-033
A005,A005-AG,A005-AG-041
A005,A005-AG,A005-AG-042
A005,A005-AG,A005-AG-043
A005,A005-AG,A005-AG-051
A005,A005-AG,A005-AG-052
A005,A005-AG,A005-AG-053
A005,A005-AH,A005-AH-001
A005,A005-AH,A005-AH-002
A005,A005-AH,A005-AH-003
A005,A005-AH,A005-AH-011
A005,A005-AH,A005-AH-012
A005,A005-AH,A005-AH-013
A005,A005-AH,A005-AH-021
A005,A005-AH,A005-AH-022
A005,A005-AH,A005-AH-023
A005,A005-AH,A005-AH-031
A005,A005-AH,A005-AH-032
A005,A005-AH,A005-AH-033
A005,A005-AH,A005-AH-041
A005,A005-AH,A005-AH-042
A005,A005-AH,A005-AH-043
A005,A005-AH,A005-AH-051
A005,A005-AH,A005-AH-052
A005,A005-AH,A005-AH-053
A005,A005-AI,A005-AI-001
A005,A005-AI,A005-AI-002
A005,A005-AI,A005-AI-003
A005,A005-AI,A005-AI-011
A005,A005-AI,A005-AI-012
A005,A005-AI,A005-AI-013
A005,A005-AI,A005-AI-021
A005,A005-AI,A005-AI-022
A005,A005-AI,A005-AI-023
A005,A005-AI,A005-AI-031
A005,A005-AI,A005-AI-032
A005,A005-AI,A005-AI-033
A005,A005-AI,A005-AI-041
A005,A005-AI,A005-AI-042
A005,A005-AI,A005-AI-043
A005,A005-AI,A005-AI-051
A005,A005-AI,A005-AI-052
A005,A005-AI,A005-AI-053
A005,A005-AJ,A005-AJ-001
A005,A005-AJ,A005-AJ-002
A005,A005-AJ,A005-AJ-003
A005,A005-AJ,A005-AJ-011
A005,A005-AJ,A005-AJ-012
A005,A005-AJ,A005-AJ-013
A005,A005-AJ,A005-AJ-021
A005,A005-AJ,A005-AJ-022
A005,A005-AJ,A005-AJ-023
A005,A005-AJ,A005-AJ-031
A005,A005-AJ,A005-AJ-032
A005,A005-AJ,A005-AJ-033
A005,A005-AJ,A005-AJ-041
A005,A005-AJ,A005-AJ-042
A005,A005-AJ,A005-AJ-043
A005,A005-AJ,A005-AJ-051
A005,A005-AJ,A005-AJ-052
A005,A005-AJ,A005-AJ-053
A006,A006-AA,A006-AA-001
A006,A006-AA,A006-AA-002
A006,A006-AA,A006-AA-003
A006,A006-AA,A006-AA-011
A006,A006-AA,A006-AA-012
A006,A006-AA,A006-AA-013
A006,A006-AA,A006-AA-021
A006,A006-AA,A006-AA-022
A006,A006-AA,A006-AA-023
A006,A006-AA,A006-AA-031
A006,A006-AA,A006-AA-032
A006,A006-AA,A006-AA-033
A006,A006-AA,A006-AA-041
A006,A006-AA,A006-AA-042
A006,A006-AA,A006-AA-043
A006,A006-AA,A006-AA-051
A006,A006-AA,A006-AA-052
A006,A006-AA,A006-AA-053
A006,A006-AB,A006-AB-001
A006,A006-AB,A006-AB-002
A006,A006-AB,A006-AB-003
A006,A006-AB,A006-AB-011
A006,A006-AB,A006-AB-012
A006,A006-AB,A006-AB-013
A006,A006-AB,A006-AB-021
A006,A006-AB,A006-AB-022
A006,A006-AB,A006-AB-023
A006,A006-AB,A006-AB-031
A006,A006-AB,A006-AB-032
A006,A006-AB,A006-AB-033
A006,A006-AB,A006-AB-041
A006,A006-AB,A006-AB-042
A006,A006-AB,A006-AB-043
A006,A006-AB,A006-AB-051
A006,A006-AB,A006-AB-052
A006,A006-AB,A006-AB-053
A006,A006-AC,A006-AC-001
A006,A006-AC,A006-AC-002
A006,A006-AC,A006-AC-003
A006,A006-AC,A006-AC-011
A006,A006-AC,A006-AC-012
A006,A006-AC,A006-AC-013
A006,A006-AC,A006-AC-021
A006,A006-AC,A006-AC-022
A006,A006-AC,A006-AC-023
A006,A006-AC,A006-AC-031
A006,A006-AC,A006-AC-032
A006,A006-AC,A006-AC-033
A006,A006-AC,A006-AC-041
A006,A006-AC,A006-AC-042
A006,A006-AC,A006-AC-043
A006,A006-AC,A006-AC-051
A006,A006-AC,A006-AC-052
A006,A006-AC,A006-AC-053
A006,A006-AD,A006-AD-001
A006,A006-AD,A006-AD-002
A006,A006-AD,A006-AD-003
A006,A006-AD,A006-AD-011
A006,A006-AD,A006-AD-012
A006,A006-AD,A006-AD-013
A006,A006-AD,A006-AD-021
A006,A006-AD,A006-AD-022
A006,A006-AD,A006-AD-023
A006,A006-AD,A006-AD-031
A006,A006-AD,A006-AD-032
A006,A006-AD,A006-AD-033
A006,A006-AD,A006-AD-041
A006,A006-AD,A006-AD-042
A006,A006-AD,A006-AD-043
A006,A006-AD,A006-AD-051
A006,A006-AD,A006-AD-052
A006,A006-AD,A006-AD-053
A006,A006-AE,A006-AE-001
A006,A006-AE,A006-AE-002
A006,A006-AE,A006-AE-003
A006,A006-AE,A006-AE-011
A006,A006-AE,A006-AE-012
A006,A006-AE,A006-AE-013
A006,A006-AE,A006-AE-021
A006,A006-AE,A006-AE-022
A006,A006-AE,A006-AE-023
A006,A006-AE,A006-AE-031
A006,A006-AE,A006-AE-032
A006,A006-AE,A006-AE-033
A006,A006-AE,A006-AE-041
A006,A006-AE,A006-AE-042
A006,A006-AE,A006-AE-043
A006,A006-AE,A006-AE-051
A006,A006-AE,A006-AE-052
A006,A006-AE,A006-AE-053
A006,A006-AF,A006-AF-001
A006,A006-AF,A006-AF-002
A006,A006-AF,A006-AF-003
A006,A006-AF,A006-AF-011
A006,A006-AF,A006-AF-012
A006,A006-AF,A006-AF-013
A006,A006-AF,A006-AF-021
A006,A006-AF,A006-AF-022
A006,A006-AF,A006-AF-023
A006,A006-AF,A006-AF-031
A006,A006-AF,A006-AF-032
A006,A006-AF,A006-AF-033
A006,A006-AF,A006-AF-041
A006,A006-AF,A006-AF-042
A006,A006-AF,A006-AF-043
A006,A006-AF,A006-AF-051
A006,A006-AF,A006-AF-052
A006,A006-AF,A006-AF-053
A006,A006-AG,A006-AG-001
A006,A006-AG,A006-AG-002
A006,A006-AG,A006-AG-003
A006,A006-AG,A006-AG-011
A006,A006-AG,A006-AG-012
A006,A006-AG,A006-AG-013
A006,A006-AG,A006-AG-021
A006,A006-AG,A006-AG-022
A006,A006-AG,A006-AG-023
A006,A006-AG,A006-AG-031
A006,A006-AG,A006-AG-032
A006,A006-AG,A006-AG-033
A006,A006-AG,A006-AG-041
A006,A006-AG,A006-AG-042
A006,A006-AG,A006-AG-043
A006,A006-AG,A006-AG-051
A006,A006-AG,A006-AG-052
A006,A006-AG,A006-AG-053
A006,A006-AH,A006-AH-001
A006,A006-AH,A006-AH-002
A006,A006-AH,A006-AH-003
A006,A006-AH,A006-AH-011
A006,A006-AH,A006-AH-012
A006,A006-AH,A006-AH-013
A006,A006-AH,A006-AH-021
A006,A006-AH,A006-AH-022
A006,A006-AH,A006-AH-023
A006,A006-AH,A006-AH-031
A006,A006-AH,A006-AH-032
A006,A006-AH,A006-AH-033
A006,A006-AH,A006-AH-041
A006,A006-AH,A006-AH-042
A006,A006-AH,A006-AH-043
A006,A006-AH,A006-AH-051
A006,A006-AH,A006-AH-052
A006,A006-AH,A006-AH-053
A006,A006-AI,A006-AI-001
A006,A006-AI,A006-AI-002
A006,A006-AI,A006-AI-003
A006,A006-AI,A006-AI-011
A006,A006-AI,A006-AI-012
A006,A006-AI,A006-AI-013
A006,A006-AI,A006-AI-021
A006,A006-AI,A006-AI-022
A006,A006-AI,A006-AI-023
A006,A006-AI,A006-AI-031
A006,A006-AI,A006-AI-032
A006,A006-AI,A006-AI-033
A006,A006-AI,A006-AI-041
A006,A006-AI,A006-AI-042
A006,A006-AI,A006-AI-043
A006,A006-AI,A006-AI-051
A006,A006-AI,A006-AI-052
A006,A006-AI,A006-AI-053
A006,A006-AJ,A006-AJ-001
A006,A006-AJ,A006-AJ-002
A006,A006-AJ,A006-AJ-003
A006,A006-AJ,A006-AJ-011
A006,A006-AJ,A006-AJ-012
A006,A006-AJ,A006-AJ-013
A006,A006-AJ,A006-AJ-021
A006,A006-AJ,A006-AJ-022
A006,A006-AJ,A006-AJ-023
A006,A006-AJ,A006-AJ-031
A006,A006-AJ,A006-AJ-032
A006,A006-AJ,A006-AJ-033
A006,A006-AJ,A006-AJ-041
A006,A006-AJ,A006-AJ-042
A006,A006-AJ,A006-AJ-043
A006,A006-AJ,A006-AJ-051
A006,A006-AJ,A006-AJ-052
A006,A006-AJ,A006-AJ-053
A007,A007-AA,A007-AA-001
A007,A007-AA,A007-AA-002
A007,A007-AA,A007-AA-003
A007,A007-AA,A007-AA-011
A007,A007-AA,A007-AA-012
A007,A007-AA,A007-AA-013
A007,A007-AA,A007-AA-021
A007,A007-AA,A007-AA-022
A007,A007-AA,A007-AA-023
A007,A007-AA,A007-AA-031
A007,A007-AA,A007-AA-032
A007,A007-AA,A007-AA-033
A007,A007-AA,A007-AA-041
A007,A007-AA,A007-AA-042
A007,A007-AA,A007-AA-043
A007,A007-AA,A007-AA-051
A007,A007-AA,A007-AA-052
A007,A007-AA,A007-AA-053
A007,A007-AB,A007-AB-001
A007,A007-AB,A007-AB-002
A007,A007-AB,A007-AB-003
A007,A007-AB,A007-AB-011
A007,A007-AB,A007-AB-012
A007,A007-AB,A007-AB-013
A007,A007-AB,A007-AB-021
A007,A007-AB,A007-AB-022
A007,A007-AB,A007-AB-023
A007,A007-AB,A007-AB-031
A007,A007-AB,A007-AB-032
A007,A007-AB,A007-AB-033
A007,A007-AB,A007-AB-041
A007,A007-AB,A007-AB-042
A007,A007-AB,A007-AB-043
A007,A007-AB,A007-AB-051
A007,A007-AB,A007-AB-052
A007,A007-AB,A007-AB-053
A007,A007-AC,A007-AC-001
A007,A007-AC,A007-AC-002
A007,A007-AC,A007-AC-003
A007,A007-AC,A007-AC-011
A007,A007-AC,A007-AC-012
A007,A007-AC,A007-AC-013
A007,A007-AC,A007-AC-021
A007,A007-AC,A007-AC-022
A007,A007-AC,A007-AC-023
A007,A007-AC,A007-AC-031
A007,A007-AC,A007-AC-032
A007,A007-AC,A007-AC-033
A007,A007-AC,A007-AC-041
A007,A007-AC,A007-AC-042
A007,A007-AC,A007-AC-043
A007,A007-AC,A007-AC-051
A007,A007-AC,A007-AC-052
A007,A007-AC,A007-AC-053
A007,A007-AD,A007-AD-001
A007,A007-AD,A007-AD-002
A007,A007-AD,A007-AD-003
A007,A007-AD,A007-AD-011
A007,A007-AD,A007-AD-012
A007,A007-AD,A007-AD-013
A007,A007-AD,A007-AD-021
A007,A007-AD,A007-AD-022
A007,A007-AD,A007-AD-023
A007,A007-AD,A007-AD-031
A007,A007-AD,A007-AD-032
A007,A007-AD,A007-AD-033
A007,A007-AD,A007-AD-041
A007,A007-AD,A007-AD-042
A007,A007-AD,A007-AD-043
A007,A007-AD,A007-AD-051
A007,A007-AD,A007-AD-052
A007,A007-AD,A007-AD-053
A007,A007-AE,A007-AE-001
A007,A007-AE,A007-AE-002
A007,A007-AE,A007-AE-003
A007,A007-AE,A007-AE-011
A007,A007-AE,A007-AE-012
A007,A007-AE,A007-AE-013
A007,A007-AE,A007-AE-021
A007,A007-AE,A007-AE-022
A007,A007-AE,A007-AE-023
A007,A007-AE,A007-AE-031
A007,A007-AE,A007-AE-032
A007,A007-AE,A007-AE-033
A007,A007-AE,A007-AE-041
A007,A007-AE,A007-AE-042
A007,A007-AE,A007-AE-043
A007,A007-AE,A007-AE-051
A007,A007-AE,A007-AE-052
A007,A007-AE,A007-AE-053
A007,A007-AF,A007-AF-001
A007,A007-AF,A007-AF-002
A007,A007-AF,A007-AF-003
A007,A007-AF,A007-AF-011
A007,A007-AF,A007-AF-012
A007,A007-AF,A007-AF-013
A007,A007-AF,A007-AF-021
A007,A007-AF,A007-AF-022
A007,A007-AF,A007-AF-023
A007,A007-AF,A007-AF-031
A007,A007-AF,A007-AF-032
A007,A007-AF,A007-AF-033
A007,A007-AF,A007-AF-041
A007,A007-AF,A007-AF-042
A007,A007-AF,A007-AF-043
A007,A007-AF,A007-AF-051
A007,A007-AF,A007-AF-052
A007,A007-AF,A007-AF-053
A007,A007-AG,A007-AG-001
A007,A007-AG,A007-AG-002
A007,A007-AG,A007-AG-003
A007,A007-AG,A007-AG-011
A007,A007-AG,A007-AG-012
A007,A007-AG,A007-AG-013
A007,A007-AG,A007-AG-021
A007,A007-AG,A007-AG-022
A007,A007-AG,A007-AG-023
A007,A007-AG,A007-AG-031
A007,A007-AG,A007-AG-032
A007,A007-AG,A007-AG-033
A007,A007-AG,A007-AG-041
A007,A007-AG,A007-AG-042
A007,A007-AG,A007-AG-043
A007,A007-AG,A007-AG-051
A007,A007-AG,A007-AG-052
A007,A007-AG,A007-AG-053
A007,A007-AH,A007-AH-001
A007,A007-AH,A007-AH-002
A007,A007-AH,A007-AH-003
A007,A007-AH,A007-AH-011
A007,A007-AH,A007-AH-012
A007,A007-AH,A007-AH-013
A007,A007-AH,A007-AH-021
A007,A007-AH,A007-AH-022
A007,A007-AH,A007-AH-023
A007,A007-AH,A007-AH-031
A007,A007-AH,A007-AH-032
A007,A007-AH,A007-AH-033
A007,A007-AH,A007-AH-041
A007,A007-AH,A007-AH-042
A007,A007-AH,A007-AH-043
A007,A007-AH,A007-AH-051
A007,A007-AH,A007-AH-052
A007,A007-AH,A007-AH-053
A007,A007-AI,A007-AI-001
A007,A007-AI,A007-AI-002
A007,A007-AI,A007-AI-003
A007,A007-AI,A007-AI-011
A007,A007-AI,A007-AI-012
A007,A007-AI,A007-AI-013
A007,A007-AI,A007-AI-021
A007,A007-AI,A007-AI-022
A007,A007-AI,A007-AI-023
A007,A007-AI,A007-AI-031
A007,A007-AI,A007-AI-032
A007,A007-AI,A007-AI-033
A007,A007-AI,A007-AI-041
A007,A007-AI,A007-AI-042
A007,A007-AI,A007-AI-043
A007,A007-AI,A007-AI-051
A007,A007-AI,A007-AI-052
A007,A007-AI,A007-AI-053
A007,A007-AJ,A007-AJ-001
A007,A007-AJ,A007-AJ-002
A007,A007-AJ,A007-AJ-003
A007,A007-AJ,A007-AJ-011
A007,A007-AJ,A007-AJ-012
A007,A007-AJ,A007-AJ-013
A007,A007-AJ,A007-AJ-021
A007,A007-AJ,A007-AJ-022
A007,A007-AJ,A007-AJ-023
A007,A007-AJ,A007-AJ-031
A007,A007-AJ,A007-AJ-032
A007,A007-AJ,A007-AJ-033
A007,A007-AJ,A007-AJ-041
A007,A007-AJ,A007-AJ-042
A007,A007-AJ,A007-AJ-043
A007,A007-AJ,A007-AJ-051
A007,A007-AJ,A007-AJ-052
A007,A007-AJ,A007-AJ-053
A008,A008-AA,A008-AA-001
A008,A008-AA,A008-AA-002
A008,A008-AA,A008-AA-003
A008,A008-AA,A008-AA-011
A008,A008-AA,A008-AA-012
A008,A008-AA,A008-AA-013
A008,A008-AA,A008-AA-021
A008,A008-AA,A008-AA-022
A008,A008-AA,A008-AA-023
A008,A008-AA,A008-AA-031
A008,A008-AA,A008-AA-032
A008,A008-AA,A008-AA-033
A008,A008-AA,A008-AA-041
A008,A008-AA,A008-AA-042
A008,A008-AA,A008-AA-043
A008,A008-AA,A008-AA-051
A008,A008-AA,A008-AA-052
A008,A008-AA,A008-AA-053
A008,A008-AB,A008-AB-001
A008,A008-AB,A008-AB-002
A008,A008-AB,A008-AB-003
A008,A008-AB,A008-AB-011
A008,A008-AB,A008-AB-012
A008,A008-AB,A008-AB-013
A008,A008-AB,A008-AB-021
A008,A008-AB,A008-AB-022
A008,A008-AB,A008-AB-023
A008,A008-AB,A008-AB-031
A008,A008-AB,A008-AB-032
A008,A008-AB,A008-AB-033
A008,A008-AB,A008-AB-041
A008,A008-AB,A008-AB-042
A008,A008-AB,A008-AB-043
A008,A008-AB,A008-AB-051
A008,A008-AB,A008-AB-052
A008,A008-AB,A008-AB-053
A008,A008-AC,A008-AC-001
A008,A008-AC,A008-AC-002
A008,A008-AC,A008-AC-003
A008,A008-AC,A008-AC-011
A008,A008-AC,A008-AC-012
A008,A008-AC,A008-AC-013
A008,A008-AC,A008-AC-021
A008,A008-AC,A008-AC-022
A008,A008-AC,A008-AC-023
A008,A008-AC,A008-AC-031
A008,A008-AC,A008-AC-032
A008,A008-AC,A008-AC-033
A008,A008-AC,A008-AC-041
A008,A008-AC,A008-AC-042
A008,A008-AC,A008-AC-043
A008,A008-AC,A008-AC-051
A008,A008-AC,A008-AC-052
A008,A008-AC,A008-AC-053
A008,A008-AD,A008-AD-001
A008,A008-AD,A008-AD-002
A008,A008-AD,A008-AD-003
A008,A008-AD,A008-AD-011
A008,A008-AD,A008-AD-012
A008,A008-AD,A008-AD-013
A008,A008-AD,A008-AD-021
A008,A008-AD,A008-AD-022
A008,A008-AD,A008-AD-023
A008,A008-AD,A008-AD-031
A008,A008-AD,A008-AD-032
A008,A008-AD,A008-AD-033
A008,A008-AD,A008-AD-041
A008,A008-AD,A008-AD-042
A008,A008-AD,A008-AD-043
A008,A008-AD,A008-AD-051
A008,A008-AD,A008-AD-052
A008,A008-AD,A008-AD-053
A008,A008-AE,A008-AE-001
A008,A008-AE,A008-AE-002
A008,A008-AE,A008-AE-003
A008,A008-AE,A008-AE-011
A008,A008-AE,A008-AE-012
A008,A008-AE,A008-AE-013
A008,A008-AE,A008-AE-021
A008,A008-AE,A008-AE-022
A008,A008-AE,A008-AE-023
A008,A008-AE,A008-AE-031
A008,A008-AE,A008-AE-032
A008,A008-AE,A008-AE-033
A008,A008-AE,A008-AE-041
A008,A008-AE,A008-AE-042
A008,A008-AE,A008-AE-043
A008,A008-AE,A008-AE-051
A008,A008-AE,A008-AE-052
A008,A008-AE,A008-AE-053
A008,A008-AF,A008-AF-001
A008,A008-AF,A008-AF-002
A008,A008-AF,A008-AF-003
A008,A008-AF,A008-AF-011
A008,A008-AF,A008-AF-012
A008,A008-AF,A008-AF-013
A008,A008-AF,A008-AF-021
A008,A008-AF,A008-AF-022
A008,A008-AF,A008-AF-023
A008,A008-AF,A008-AF-031
A008,A008-AF,A008-AF-032
A008,A008-AF,A008-AF-033
A008,A008-AF,A008-AF-041
A008,A008-AF,A008-AF-042
A008,A008-AF,A008-AF-043
A008,A008-AF,A008-AF-051
A008,A008-AF,A008-AF-052
A008,A008-AF,A008-AF-053
A008,A008-AG,A008-AG-001
A008,A008-AG,A008-AG-002
A008,A008-AG,A008-AG-003
A008,A008-AG,A008-AG-011
A008,A008-AG,A008-AG-012
A008,A008-AG,A008-AG-013
A008,A008-AG,A008-AG-021
A008,A008-AG,A008-AG-022
A008,A008-AG,A008-AG-023
A008,A008-AG,A008-AG-031
A008,A008-AG,A008-AG-032
A008,A008-AG,A008-AG-033
A008,A008-AG,A008-AG-041
A008,A008-AG,A008-AG-042
A008,A008-AG,A008-AG-043
A008,A008-AG,A008-AG-051
A008,A008-AG,A008-AG-052
A008,A008-AG,A008-AG-053
A008,A008-AH,A008-AH-001
A008,A008-AH,A008-AH-002
A008,A008-AH,A008-AH-003
A008,A008-AH,A008-AH-011
A008,A008-AH,A008-AH-012
A008,A008-AH,A008-AH-013
A008,A008-AH,A008-AH-021
A008,A008-AH,A008-AH-022
A008,A008-AH,A008-AH-023
A008,A008-AH,A008-AH-031
A008,A008-AH,A008-AH-032
A008,A008-AH,A008-AH-033
A008,A008-AH,A008-AH-041
A008,A008-AH,A008-AH-042
A008,A008-AH,A008-AH-043
A008,A008-AH,A008-AH-051
A008,A008-AH,A008-AH-052
A008,A008-AH,A008-AH-053
A008,A008-AI,A008-AI-001
A008,A008-AI,A008-AI-002
A008,A008-AI,A008-AI-003
A008,A008-AI,A008-AI-011
A008,A008-AI,A008-AI-012
A008,A008-AI,A008-AI-013
A008,A008-AI,A008-AI-021
A008,A008-AI,A008-AI-022
A008,A008-AI,A008-AI-023
A008,A008-AI,A008-AI-031
A008,A008-AI,A008-AI-032
A008,A008-AI,A008-AI-033
A008,A008-AI,A008-AI-041
A008,A008-AI,A008-AI-042
A008,A008-AI,A008-AI-043
A008,A008-AI,A008-AI-051
A008,A008-AI,A008-AI-052
A008,A008-AI,A008-AI-053
A008,A008-AJ,A008-AJ-001
A008,A008-AJ,A008-AJ-002
A008,A008-AJ,A008-AJ-003
A008,A008-AJ,A008-AJ-011
A008,A008-AJ,A008-AJ-012
A008,A008-AJ,A008-AJ-013
A008,A008-AJ,A008-AJ-021
A008,A008-AJ,A008-AJ-022
A008,A008-AJ,A008-AJ-023
A008,A008-AJ,A008-AJ-031
A008,A008-AJ,A008-AJ-032
A008,A008-AJ,A008-AJ-033
A008,A008-AJ,A008-AJ-041
A008,A008-AJ,A008-AJ-042
A008,A008-AJ,A008-AJ-043
A008,A008-AJ,A008-AJ-051
A008,A008-AJ,A008-AJ-052
A008,A008-AJ,A008-AJ-053
A009,A009-AA,A009-AA-001
A009,A009-AA,A009-AA-002
A009,A009-AA,A009-AA-003
A009,A009-AA,A009-AA-011
A009,A009-AA,A009-AA-012
A009,A009-AA,A009-AA-013
A009,A009-AA,A009-AA-021
A009,A009-AA,A009-AA-022
A009,A009-AA,A009-AA-023
A009,A009-AA,A009-AA-031
A009,A009-AA,A009-AA-032
A009,A009-AA,A009-AA-033
A009,A009-AA,A009-AA-041
A009,A009-AA,A009-AA-042
A009,A009-AA,A009-AA-043
A009,A009-AA,A009-AA-051
A009,A009-AA,A009-AA-052
A009,A009-AA,A009-AA-053
A009,A009-AB,A009-AB-001
A009,A009-AB,A009-AB-002
A009,A009-AB,A009-AB-003
A009,A009-AB,A009-AB-011
A009,A009-AB,A009-AB-012
A009,A009-AB,A009-AB-013
A009,A009-AB,A009-AB-021
A009,A009-AB,A009-AB-022
A009,A009-AB,A009-AB-023
A009,A009-AB,A009-AB-031
A009,A009-AB,A009-AB-032
A009,A009-AB,A009-AB-033
A009,A009-AB,A009-AB-041
A009,A009-AB,A009-AB-042
A009,A009-AB,A009-AB-043
A009,A009-AB,A009-AB-051
A009,A009-AB,A009-AB-052
A009,A009-AB,A009-AB-053
A009,A009-AC,A009-AC-001
A009,A009-AC,A009-AC-002
A009,A009-AC,A009-AC-003
A009,A009-AC,A009-AC-011
A009,A009-AC,A009-AC-012
A009,A009-AC,A009-AC-013
A009,A009-AC,A009-AC-021
A009,A009-AC,A009-AC-022
A009,A009-AC,A009-AC-023
A009,A009-AC,A009-AC-031
A009,A009-AC,A009-AC-032
A009,A009-AC,A009-AC-033
A009,A009-AC,A009-AC-041
A009,A009-AC,A009-AC-042
A009,A009-AC,A009-AC-043
A009,A009-AC,A009-AC-051
A009,A009-AC,A009-AC-052
A009,A009-AC,A009-AC-053
A009,A009-AD,A009-AD-001
A009,A009-AD,A009-AD-002
A009,A009-AD,A009-AD-003
A009,A009-AD,A009-AD-011
A009,A009-AD,A009-AD-012
A009,A009-AD,A009-AD-013
A009,A009-AD,A009-AD-021
A009,A009-AD,A009-AD-022
A009,A009-AD,A009-AD-023
A009,A009-AD,A009-AD-031
A009,A009-AD,A009-AD-032
A009,A009-AD,A009-AD-033
A009,A009-AD,A009-AD-041
A009,A009-AD,A009-AD-042
A009,A009-AD,A009-AD-043
A009,A009-AD,A009-AD-051
A009,A009-AD,A009-AD-052
A009,A009-AD,A009-AD-053
A009,A009-AE,A009-AE-001
A009,A009-AE,A009-AE-002
A009,A009-AE,A009-AE-003
A009,A009-AE,A009-AE-011
A009,A009-AE,A009-AE-012
A009,A009-AE,A009-AE-013
A009,A009-AE,A009-AE-021
A009,A009-AE,A009-AE-022
A009,A009-AE,A009-AE-023
A009,A009-AE,A009-AE-031
A009,A009-AE,A009-AE-032
A009,A009-AE,A009-AE-033
A009,A009-AE,A009-AE-041
A009,A009-AE,A009-AE-042
A009,A009-AE,A009-AE-043
A009,A009-AE,A009-AE-051
A009,A009-AE,A009-AE-052
A009,A009-AE,A009-AE-053
A009,A009-AF,A009-AF-001
A009,A009-AF,A009-AF-002
A009,A009-AF,A009-AF-003
A009,A009-AF,A009-AF-011
A009,A009-AF,A009-AF-012
A009,A009-AF,A009-AF-013
A009,A009-AF,A009-AF-021
A009,A009-AF,A009-AF-022
A009,A009-AF,A009-AF-023
A009,A009-AF,A009-AF-031
A009,A009-AF,A009-AF-032
A009,A009-AF,A009-AF-033
A009,A009-AF,A009-AF-041
A009,A009-AF,A009-AF-042
A009,A009-AF,A009-AF-043
A009,A009-AF,A009-AF-051
A009,A009-AF,A009-AF-052
A009,A009-AF,A009-AF-053
A009,A009-AG,A009-AG-001
A009,A009-AG,A009-AG-002
A009,A009-AG,A009-AG-003
A009,A009-AG,A009-AG-011
A009,A009-AG,A009-AG-012
A009,A009-AG,A009-AG-013
A009,A009-AG,A009-AG-021
A009,A009-AG,A009-AG-022
A009,A009-AG,A009-AG-023
A009,A009-AG,A009-AG-031
A009,A009-AG,A009-AG-032
A009,A009-AG,A009-AG-033
A009,A009-AG,A009-AG-041
A009,A009-AG,A009-AG-042
A009,A009-AG,A009-AG-043
A009,A009-AG,A009-AG-051
A009,A009-AG,A009-AG-052
A009,A009-AG,A009-AG-053
A009,A009-AH,A009-AH-001
A009,A009-AH,A009-AH-002
A009,A009-AH,A009-AH-003
A009,A009-AH,A009-AH-011
A009,A009-AH,A009-AH-012
A009,A009-AH,A009-AH-013
A009,A009-AH,A009-AH-021
A009,A009-AH,A009-AH-022
A009,A009-AH,A009-AH-023
A009,A009-AH,A009-AH-031
A009,A009-AH,A009-AH-032
A009,A009-AH,A009-AH-033
A009,A009-AH,A009-AH-041
A009,A009-AH,A009-AH-042
A009,A009-AH,A009-AH-043
A009,A009-AH,A009-AH-051
A009,A009-AH,A009-AH-052
A009,A009-AH,A009-AH-053
A009,A009-AI,A009-AI-001
A009,A009-AI,A009-AI-002
A009,A009-AI,A009-AI-003
A009,A009-AI,A009-AI-011
A009,A009-AI,A009-AI-012
A009,A009-AI,A009-AI-013
A009,A009-AI,A009-AI-021
A009,A009-AI,A009-AI-022
A009,A009-AI,A009-AI-023
A009,A009-AI,A009-AI-031
A009,A009-AI,A009-AI-032
A009,A009-AI,A009-AI-033
A009,A009-AI,A009-AI-041
A009,A009-AI,A009-AI-042
A009,A009-AI,A009-AI-043
A009,A009-AI,A009-AI-051
A009,A009-AI,A009-AI-052
A009,A009-AI,A009-AI-053
A009,A009-AJ,A009-AJ-001
A009,A009-AJ,A009-AJ-002
A009,A009-AJ,A009-AJ-003
A009,A009-AJ,A009-AJ-011
A009,A009-AJ,A009-AJ-012
A009,A009-AJ,A009-AJ-013
A009,A009-AJ,A009-AJ-021
A009,A009-AJ,A009-AJ-022
A009,A009-AJ,A009-AJ-023
A009,A009-AJ,A009-AJ-031
A009,A009-AJ,A009-AJ-032
A009,A009-AJ,A009-AJ-033
A009,A009-AJ,A009-AJ-041
A009,A009-AJ,A009-AJ-042
A009,A009-AJ,A009-AJ-043
A009,A009-AJ,A009-AJ-051
A009,A009-AJ,A009-AJ-052
A009,A009-AJ,A009-AJ-053
A010,A010-AA,A010-AA-001
A010,A010-AA,A010-AA-002
A010,A010-AA,A010-AA-003
A010,A010-AA,A010-AA-011
A010,A010-AA,A010-AA-012
A010,A010-AA,A010-AA-013
A010,A010-AA,A010-AA-021
A010,A010-AA,A010-AA-022
A010,A010-AA,A010-AA-023
A010,A010-AA,A010-AA-031
A010,A010-AA,A010-AA-032
A010,A010-AA,A010-AA-033
A010,A010-AA,A010-AA-041
A010,A010-AA,A010-AA-042
A010,A010-AA,A010-AA-043
A010,A010-AA,A010-AA-051
A010,A010-AA,A010-AA-052
A010,A010-AA,A010-AA-053
A010,A010-AB,A010-AB-001
A010,A010-AB,A010-AB-002
A010,A010-AB,A010-AB-003
A010,A010-AB,A010-AB-011
A010,A010-AB,A010-AB-012
A010,A010-AB,A010-AB-013
A010,A010-AB,A010-AB-021
A010,A010-AB,A010-AB-022
A010,A010-AB,A010-AB-023
A010,A010-AB,A010-AB-031
A010,A010-AB,A010-AB-032
A010,A010-AB,A010-AB-033
A010,A010-AB,A010-AB-041
A010,A010-AB,A010-AB-042
A010,A010-AB,A010-AB-043
A010,A010-AB,A010-AB-051
A010,A010-AB,A010-AB-052
A010,A010-AB,A010-AB-053
A010,A010-AC,A010-AC-001
A010,A010-AC,A010-AC-002
A010,A010-AC,A010-AC-003
A010,A010-AC,A010-AC-011
A010,A010-AC,A010-AC-012
A010,A010-AC,A010-AC-013
A010,A010-AC,A010-AC-021
A010,A010-AC,A010-AC-022
A010,A010-AC,A010-AC-023
A010,A010-AC,A010-AC-031
A010,A010-AC,A010-AC-032
A010,A010-AC,A010-AC-033
A010,A010-AC,A010-AC-041
A010,A010-AC,A010-AC-042
A010,A010-AC,A010-AC-043
A010,A010-AC,A010-AC-051
A010,A010-AC,A010-AC-052
A010,A010-AC,A010-AC-053
A010,A010-AD,A010-AD-001
A010,A010-AD,A010-AD-002
A010,A010-AD,A010-AD-003
A010,A010-AD,A010-AD-011
A010,A010-AD,A010-AD-012
A010,A010-AD,A010-AD-013
A010,A010-AD,A010-AD-021
A010,A010-AD,A010-AD-022
A010,A010-AD,A010-AD-023
A010,A010-AD,A010-AD-031
A010,A010-AD,A010-AD-032
A010,A010-AD,A010-AD-033
A010,A010-AD,A010-AD-041
A010,A010-AD,A010-AD-042
A010,A010-AD,A010-AD-043
A010,A010-AD,A010-AD-051
A010,A010-AD,A010-AD-052
A010,A010-AD,A010-AD-053
A010,A010-AE,A010-AE-001
A010,A010-AE,A010-AE-002
A010,A010-AE,A010-AE-003
A010,A010-AE,A010-AE-011
A010,A010-AE,A010-AE-012
A010,A010-AE,A010-AE-013
A010,A010-AE,A010-AE-021
A010,A010-AE,A010-AE-022
A010,A010-AE,A010-AE-023
A010,A010-AE,A010-AE-031
A010,A010-AE,A010-AE-032
A010,A010-AE,A010-AE-033
A010,A010-AE,A010-AE-041
A010,A010-AE,A010-AE-042
A010,A010-AE,A010-AE-043
A010,A010-AE,A010-AE-051
A010,A010-AE,A010-AE-052
A010,A010-AE,A010-AE-053
A010,A010-AF,A010-AF-001
A010,A010-AF,A010-AF-002
A010,A010-AF,A010-AF-003
A010,A010-AF,A010-AF-011
A010,A010-AF,A010-AF-012
A010,A010-AF,A010-AF-013
A010,A010-AF,A010-AF-021
A010,A010-AF,A010-AF-022
A010,A010-AF,A010-AF-023
A010,A010-AF,A010-AF-031
A010,A010-AF,A010-AF-032
A010,A010-AF,A010-AF-033
A010,A010-AF,A010-AF-041
A010,A010-AF,A010-AF-042
A010,A010-AF,A010-AF-043
A010,A010-AF,A010-AF-051
A010,A010-AF,A010-AF-052
A010,A010-AF,A010-AF-053
A010,A010-AG,A010-AG-001
A010,A010-AG,A010-AG-002
A010,A010-AG,A010-AG-003
A010,A010-AG,A010-AG-011
A010,A010-AG,A010-AG-012
A010,A010-AG,A010-AG-013
A010,A010-AG,A010-AG-021
A010,A010-AG,A010-AG-022
A010,A010-AG,A010-AG-023
A010,A010-AG,A010-AG-031
A010,A010-AG,A010-AG-032
A010,A010-AG,A010-AG-033
A010,A010-AG,A010-AG-041
A010,A010-AG,A010-AG-042
A010,A010-AG,A010-AG-043
A010,A010-AG,A010-AG-051
A010,A010-AG,A010-AG-052
A010,A010-AG,A010-AG-053
A010,A010-AH,A010-AH-001
A010,A010-AH,A010-AH-002
A010,A010-AH,A010-AH-003
A010,A010-AH,A010-AH-011
A010,A010-AH,A010-AH-012
A010,A010-AH,A010-AH-013
A010,A010-AH,A010-AH-021
A010,A010-AH,A010-AH-022
A010,A010-AH,A010-AH-023
A010,A010-AH,A010-AH-031
A010,A010-AH,A010-AH-032
A010,A010-AH,A010-AH-033
A010,A010-AH,A010-AH-041
A010,A010-AH,A010-AH-042
A010,A010-AH,A010-AH-043
A010,A010-AH,A010-AH-051
A010,A010-AH,A010-AH-052
A010,A010-AH,A010-AH-053
A010,A010-AI,A010-AI-001
A010,A010-AI,A010-AI-002
A010,A010-AI,A010-AI-003
A010,A010-AI,A010-AI-011
A010,A010-AI,A010-AI-012
A010,A010-AI,A010-AI-013
A010,A010-AI,A010-AI-021
A010,A010-AI,A010-AI-022
A010,A010-AI,A010-AI-023
A010,A010-AI,A010-AI-031
A010,A010-AI,A010-AI-032
A010,A010-AI,A010-AI-033
A010,A010-AI,A010-AI-041
A010,A010-AI,A010-AI-042
A010,A010-AI,A010-AI-043
A010,A010-AI,A010-AI-051
A010,A010-AI,A010-AI-052
A010,A010-AI,A010-AI-053
A010,A010-AJ,A010-AJ-001
A010,A010-AJ,A010-AJ-002
A010,A010-AJ,A010-AJ-003
A010,A010-AJ,A010-AJ-011
A010,A010-AJ,A010-AJ-012
A010,A010-AJ,A010-AJ-013
A010,A010-AJ,A010-AJ-021
A010,A010-AJ,A010-AJ-022
A010,A010-AJ,A010-AJ-023
A010,A010-AJ,A010-AJ-031
A010,A010-AJ,A010-AJ-032
A010,A010-AJ,A010-AJ-033
A010,A010-AJ,A010-AJ-041
A010,A010-AJ,A010-AJ-042
A010,A010-AJ,A010-AJ-043
A010,A010-AJ,A010-AJ-051
A010,A010-AJ,A010-AJ-052
A010,A010-AJ,A010-AJ-053
A011,A011-AA,A011-AA-001
A011,A011-AA,A011-AA-002
A011,A011-AA,A011-AA-003
A011,A011-AA,A011-AA-011
A011,A011-AA,A011-AA-012
A011,A011-AA,A011-AA-013
A011,A011-AA,A011-AA-021
A011,A011-AA,A011-AA-022
A011,A011-AA,A011-AA-023
A011,A011-AA,A011-AA-031
A011,A011-AA,A011-AA-032
A011,A011-AA,A011-AA-033
A011,A011-AA,A011-AA-041
A011,A011-AA,A011-AA-042
A011,A011-AA,A011-AA-043
A011,A011-AA,A011-AA-051
A011,A011-AA,A011-AA-052
A011,A011-AA,A011-AA-053
A011,A011-AB,A011-AB-001
A011,A011-AB,A011-AB-002
A011,A011-AB,A011-AB-003
A011,A011-AB,A011-AB-011
A011,A011-AB,A011-AB-012
A011,A011-AB,A011-AB-013
A011,A011-AB,A011-AB-021
A011,A011-AB,A011-AB-022
A011,A011-AB,A011-AB-023
A011,A011-AB,A011-AB-031
A011,A011-AB,A011-AB-032
A011,A011-AB,A011-AB-033
A011,A011-AB,A011-AB-041
A011,A011-AB,A011-AB-042
A011,A011-AB,A011-AB-043
A011,A011-AB,A011-AB-051
A011,A011-AB,A011-AB-052
A011,A011-AB,A011-AB-053
A011,A011-AC,A011-AC-001
A011,A011-AC,A011-AC-002
A011,A011-AC,A011-AC-003
A011,A011-AC,A011-AC-011
A011,A011-AC,A011-AC-012
A011,A011-AC,A011-AC-013
A011,A011-AC,A011-AC-021
A011,A011-AC,A011-AC-022
A011,A011-AC,A011-AC-023
A011,A011-AC,A011-AC-031
A011,A011-AC,A011-AC-032
A011,A011-AC,A011-AC-033
A011,A011-AC,A011-AC-041
A011,A011-AC,A011-AC-042
A011,A011-AC,A011-AC-043
A011,A011-AC,A011-AC-051
A011,A011-AC,A011-AC-052
A011,A011-AC,A011-AC-053
A011,A011-AD,A011-AD-001
A011,A011-AD,A011-AD-002
A011,A011-AD,A011-AD-003
A011,A011-AD,A011-AD-011
A011,A011-AD,A011-AD-012
A011,A011-AD,A011-AD-013
A011,A011-AD,A011-AD-021
A011,A011-AD,A011-AD-022
A011,A011-AD,A011-AD-023
A011,A011-AD,A011-AD-031
A011,A011-AD,A011-AD-032
A011,A011-AD,A011-AD-033
A011,A011-AD,A011-AD-041
A011,A011-AD,A011-AD-042
A011,A011-AD,A011-AD-043
A011,A011-AD,A011-AD-051
A011,A011-AD,A011-AD-052
A011,A011-AD,A011-AD-053
A011,A011-AE,A011-AE-001
A011,A011-AE,A011-AE-002
A011,A011-AE,A011-AE-003
A011,A011-AE,A011-AE-011
A011,A011-AE,A011-AE-012
A011,A011-AE,A011-AE-013
A011,A011-AE,A011-AE-021
A011,A011-AE,A011-AE-022
A011,A011-AE,A011-AE-023
A011,A011-AE,A011-AE-031
A011,A011-AE,A011-AE-032
A011,A011-AE,A011-AE-033
A011,A011-AE,A011-AE-041
A011,A011-AE,A011-AE-042
A011,A011-AE,A011-AE-043
A011,A011-AE,A011-AE-051
A011,A011-AE,A011-AE-052
A011,A011-AE,A011-AE-053
A011,A011-AF,A011-AF-001
A011,A011-AF,A011-AF-002
A011,A011-AF,A011-AF-003
A011,A011-AF,A011-AF-011
A011,A011-AF,A011-AF-012
A011,A011-AF,A011-AF-013
A011,A011-AF,A011-AF-021
A011,A011-AF,A011-AF-022
A011,A011-AF,A011-AF-023
A011,A011-AF,A011-AF-031
A011,A011-AF,A011-AF-032
A011,A011-AF,A011-AF-033
A011,A011-AF,A011-AF-041
A011,A011-AF,A011-AF-042
A011,A011-AF,A011-AF-043
A011,A011-AF,A011-AF-051
A011,A011-AF,A011-AF-052
A011,A011-AF,A011-AF-053
A011,A011-AG,A011-AG-001
A011,A011-AG,A011-AG-002
A011,A011-AG,A011-AG-003
A011,A011-AG,A011-AG-011
A011,A011-AG,A011-AG-012
A011,A011-AG,A011-AG-013
A011,A011-AG,A011-AG-021
A011,A011-AG,A011-AG-022
A011,A011-AG,A011-AG-023
A011,A011-AG,A011-AG-031
A011,A011-AG,A011-AG-032
A011,A011-AG,A011-AG-033
A011,A011-AG,A011-AG-041
A011,A011-AG,A011-AG-042
A011,A011-AG,A011-AG-043
A011,A011-AG,A011-AG-051
A011,A011-AG,A011-AG-052
A011,A011-AG,A011-AG-053
A011,A011-AH,A011-AH-001
A011,A011-AH,A011-AH-002
A011,A011-AH,A011-AH-003
A011,A011-AH,A011-AH-011
A011,A011-AH,A011-AH-012
A011,A011-AH,A011-AH-013
A011,A011-AH,A011-AH-021
A011,A011-AH,A011-AH-022
A011,A011-AH,A011-AH-023
A011,A011-AH,A011-AH-031
A011,A011-AH,A011-AH-032
A011,A011-AH,A011-AH-033
A011,A011-AH,A011-AH-041
A011,A011-AH,A011-AH-042
A011,A011-AH,A011-AH-043
A011,A011-AH,A011-AH-051
A011,A011-AH,A011-AH-052
A011,A011-AH,A011-AH-053
A011,A011-AI,A011-AI-001
A011,A011-AI,A011-AI-002
A011,A011-AI,A011-AI-003
A011,A011-AI,A011-AI-011
A011,A011-AI,A011-AI-012
A011,A011-AI,A011-AI-013
A011,A011-AI,A011-AI-021
A011,A011-AI,A011-AI-022
A011,A011-AI,A011-AI-023
A011,A011-AI,A011-AI-031
A011,A011-AI,A011-AI-032
A011,A011-AI,A011-AI-033
A011,A011-AI,A011-AI-041
A011,A011-AI,A011-AI-042
A011,A011-AI,A011-AI-043
A011,A011-AI,A011-AI-051
A011,A011-AI,A011-AI-052
A011,A011-AI,A011-AI-053
A011,A011-AJ,A011-AJ-001
A011,A011-AJ,A011-AJ-002
A011,A011-AJ,A011-AJ-003
A011,A011-AJ,A011-AJ-011
A011,A011-AJ,A011-AJ-012
A011,A011-AJ,A011-AJ-013
A011,A011-AJ,A011-AJ-021
A011,A011-AJ,A011-AJ-022
A011,A011-AJ,A011-AJ-023
A011,A011-AJ,A011-AJ-031
A011,A011-AJ,A011-AJ-032
A011,A011-AJ,A011-AJ-033
A011,A011-AJ,A011-AJ-041
A011,A011-AJ,A011-AJ-042
A011,A011-AJ,A011-AJ-043
A011,A011-AJ,A011-AJ-051
A011,A011-AJ,A011-AJ-052
A011,A011-AJ,A011-AJ-053
A012,A012-AA,A012-AA-001
A012,A012-AA,A012-AA-002
A012,A012-AA,A012-AA-003
A012,A012-AA,A012-AA-011
A012,A012-AA,A012-AA-012
A012,A012-AA,A012-AA-013
A012,A012-AA,A012-AA-021
A012,A012-AA,A012-AA-022
A012,A012-AA,A012-AA-023
A012,A012-AA,A012-AA-031
A012,A012-AA,A012-AA-032
A012,A012-AA,A012-AA-033
A012,A012-AA,A012-AA-041
A012,A012-AA,A012-AA-042
A012,A012-AA,A012-AA-043
A012,A012-AA,A012-AA-051
A012,A012-AA,A012-AA-052
A012,A012-AA,A012-AA-053
A012,A012-AB,A012-AB-001
A012,A012-AB,A012-AB-002
A012,A012-AB,A012-AB-003
A012,A012-AB,A012-AB-011
A012,A012-AB,A012-AB-012
A012,A012-AB,A012-AB-013
A012,A012-AB,A012-AB-021
A012,A012-AB,A012-AB-022
A012,A012-AB,A012-AB-023
A012,A012-AB,A012-AB-031
A012,A012-AB,A012-AB-032
A012,A012-AB,A012-AB-033
A012,A012-AB,A012-AB-041
A012,A012-AB,A012-AB-042
A012,A012-AB,A012-AB-043
A012,A012-AB,A012-AB-051
A012,A012-AB,A012-AB-052
A012,A012-AB,A012-AB-053
A012,A012-AC,A012-AC-001
A012,A012-AC,A012-AC-002
A012,A012-AC,A012-AC-003
A012,A012-AC,A012-AC-011
A012,A012-AC,A012-AC-012
A012,A012-AC,A012-AC-013
A012,A012-AC,A012-AC-021
A012,A012-AC,A012-AC-022
A012,A012-AC,A012-AC-023
A012,A012-AC,A012-AC-031
A012,A012-AC,A012-AC-032
A012,A012-AC,A012-AC-033
A012,A012-AC,A012-AC-041
A012,A012-AC,A012-AC-042
A012,A012-AC,A012-AC-043
A012,A012-AC,A012-AC-051
A012,A012-AC,A012-AC-052
A012,A012-AC,A012-AC-053
A012,A012-AD,A012-AD-001
A012,A012-AD,A012-AD-002
A012,A012-AD,A012-AD-003
A012,A012-AD,A012-AD-011
A012,A012-AD,A012-AD-012
A012,A012-AD,A012-AD-013
A012,A012-AD,A012-AD-021
A012,A012-AD,A012-AD-022
A012,A012-AD,A012-AD-023
A012,A012-AD,A012-AD-031
A012,A012-AD,A012-AD-032
A012,A012-AD,A012-AD-033
A012,A012-AD,A012-AD-041
A012,A012-AD,A012-AD-042
A012,A012-AD,A012-AD-043
A012,A012-AD,A012-AD-051
A012,A012-AD,A012-AD-052
A012,A012-AD,A012-AD-053
A012,A012-AE,A012-AE-001
A012,A012-AE,A012-AE-002
A012,A012-AE,A012-AE-003
A012,A012-AE,A012-AE-011
A012,A012-AE,A012-AE-012
A012,A012-AE,A012-AE-013
A012,A012-AE,A012-AE-021
A012,A012-AE,A012-AE-022
A012,A012-AE,A012-AE-023
A012,A012-AE,A012-AE-031
A012,A012-AE,A012-AE-032
A012,A012-AE,A012-AE-033
A012,A012-AE,A012-AE-041
A012,A012-AE,A012-AE-042
A012,A012-AE,A012-AE-043
A012,A012-AE,A012-AE-051
A012,A012-AE,A012-AE-052
A012,A012-AE,A012-AE-053
A012,A012-AF,A012-AF-001
A012,A012-AF,A012-AF-002
A012,A012-AF,A012-AF-003
A012,A012-AF,A012-AF-011
A012,A012-AF,A012-AF-012
A012,A012-AF,A012-AF-013
A012,A012-AF,A012-AF-021
A012,A012-AF,A012-AF-022
A012,A012-AF,A012-AF-023
A012,A012-AF,A012-AF-031
A012,A012-AF,A012-AF-032
A012,A012-AF,A012-AF-033
A012,A012-AF,A012-AF-041
A012,A012-AF,A012-AF-042
A012,A012-AF,A012-AF-043
A012,A012-AF,A012-AF-051
A012,A012-AF,A012-AF-052
A012,A012-AF,A012-AF-053
A012,A012-AG,A012-AG-001
A012,A012-AG,A012-AG-002
A012,A012-AG,A012-AG-003
A012,A012-AG,A012-AG-011
A012,A012-AG,A012-AG-012
A012,A012-AG,A012-AG-013
A012,A012-AG,A012-AG-021
A012,A012-AG,A012-AG-022
A012,A012-AG,A012-AG-023
A012,A012-AG,A012-AG-031
A012,A012-AG,A012-AG-032
A012,A012-AG,A012-AG-033
A012,A012-AG,A012-AG-041
A012,A012-AG,A012-AG-042
A012,A012-AG,A012-AG-043
A012,A012-AG,A012-AG-051
A012,A012-AG,A012-AG-052
A012,A012-AG,A012-AG-053
A012,A012-AH,A012-AH-001
A012,A012-AH,A012-AH-002
A012,A012-AH,A012-AH-003
A012,A012-AH,A012-AH-011
A012,A012-AH,A012-AH-012
A012,A012-AH,A012-AH-013
A012,A012-AH,A012-AH-021
A012,A012-AH,A012-AH-022
A012,A012-AH,A012-AH-023
A012,A012-AH,A012-AH-031
A012,A012-AH,A012-AH-032
A012,A012-AH,A012-AH-033
A012,A012-AH,A012-AH-041
A012,A012-AH,A012-AH-042
A012,A012-AH,A012-AH-043
A012,A012-AH,A012-AH-051
A012,A012-AH,A012-AH-052
A012,A012-AH,A012-AH-053
A012,A012-AI,A012-AI-001
A012,A012-AI,A012-AI-002
A012,A012-AI,A012-AI-003
A012,A012-AI,A012-AI-011
A012,A012-AI,A012-AI-012
A012,A012-AI,A012-AI-013
A012,A012-AI,A012-AI-021
A012,A012-AI,A012-AI-022
A012,A012-AI,A012-AI-023
A012,A012-AI,A012-AI-031
A012,A012-AI,A012-AI-032
A012,A012-AI,A012-AI-033
A012,A012-AI,A012-AI-041
A012,A012-AI,A012-AI-042
A012,A012-AI,A012-AI-043
A012,A012-AI,A012-AI-051
A012,A012-AI,A012-AI-052
A012,A012-AI,A012-AI-053
A012,A012-AJ,A012-AJ-001
A012,A012-AJ,A012-AJ-002
A012,A012-AJ,A012-AJ-003
A012,A012-AJ,A012-AJ-011
A012,A012-AJ,A012-AJ-012
A012,A012-AJ,A012-AJ-013
A012,A012-AJ,A012-AJ-021
A012,A012-AJ,A012-AJ-022
A012,A012-AJ,A012-AJ-023
A012,A012-AJ,A012-AJ-031
A012,A012-AJ,A012-AJ-032
A012,A012-AJ,A012-AJ-033
A012,A012-AJ,A012-AJ-041
A012,A012-AJ,A012-AJ-042
A012,A012-AJ,A012-AJ-043
A012,A012-AJ,A012-AJ-051
A012,A012-AJ,A012-AJ-052
A012,A012-AJ,A012-AJ-053
A013,A013-AA,A013-AA-001
A013,A013-AA,A013-AA-002
A013,A013-AA,A013-AA-003
A013,A013-AA,A013-AA-011
A013,A013-AA,A013-AA-012
A013,A013-AA,A013-AA-013
A013,A013-AA,A013-AA-021
A013,A013-AA,A013-AA-022
A013,A013-AA,A013-AA-023
A013,A013-AA,A013-AA-031
A013,A013-AA,A013-AA-032
A013,A013-AA,A013-AA-033
A013,A013-AA,A013-AA-041
A013,A013-AA,A013-AA-042
A013,A013-AA,A013-AA-043
A013,A013-AA,A013-AA-051
A013,A013-AA,A013-AA-052
A013,A013-AA,A013-AA-053
A013,A013-AB,A013-AB-001
A013,A013-AB,A013-AB-002
A013,A013-AB,A013-AB-003
A013,A013-AB,A013-AB-011
A013,A013-AB,A013-AB-012
A013,A013-AB,A013-AB-013
A013,A013-AB,A013-AB-021
A013,A013-AB,A013-AB-022
A013,A013-AB,A013-AB-023
A013,A013-AB,A013-AB-031
A013,A013-AB,A013-AB-032
A013,A013-AB,A013-AB-033
A013,A013-AB,A013-AB-041
A013,A013-AB,A013-AB-042
A013,A013-AB,A013-AB-043
A013,A013-AB,A013-AB-051
A013,A013-AB,A013-AB-052
A013,A013-AB,A013-AB-053
A013,A013-AC,A013-AC-001
A013,A013-AC,A013-AC-002
A013,A013-AC,A013-AC-003
A013,A013-AC,A013-AC-011
A013,A013-AC,A013-AC-012
A013,A013-AC,A013-AC-013
A013,A013-AC,A013-AC-021
A013,A013-AC,A013-AC-022
A013,A013-AC,A013-AC-023
A013,A013-AC,A013-AC-031
A013,A013-AC,A013-AC-032
A013,A013-AC,A013-AC-033
A013,A013-AC,A013-AC-041
A013,A013-AC,A013-AC-042
A013,A013-AC,A013-AC-043
A013,A013-AC,A013-AC-051
A013,A013-AC,A013-AC-052
A013,A013-AC,A013-AC-053
A013,A013-AD,A013-AD-001
A013,A013-AD,A013-AD-002
A013,A013-AD,A013-AD-003
A013,A013-AD,A013-AD-011
A013,A013-AD,A013-AD-012
A013,A013-AD,A013-AD-013
A013,A013-AD,A013-AD-021
A013,A013-AD,A013-AD-022
A013,A013-AD,A013-AD-023
A013,A013-AD,A013-AD-031
A013,A013-AD,A013-AD-032
A013,A013-AD,A013-AD-033
A013,A013-AD,A013-AD-041
A013,A013-AD,A013-AD-042
A013,A013-AD,A013-AD-043
A013,A013-AD,A013-AD-051
A013,A013-AD,A013-AD-052
A013,A013-AD,A013-AD-053
A013,A013-AE,A013-AE-001
A013,A013-AE,A013-AE-002
A013,A013-AE,A013-AE-003
A013,A013-AE,A013-AE-011
A013,A013-AE,A013-AE-012
A013,A013-AE,A013-AE-013
A013,A013-AE,A013-AE-021
A013,A013-AE,A013-AE-022
A013,A013-AE,A013-AE-023
A013,A013-AE,A013-AE-031
A013,A013-AE,A013-AE-032
A013,A013-AE,A013-AE-033
A013,A013-AE,A013-AE-041
A013,A013-AE,A013-AE-042
A013,A013-AE,A013-AE-043
A013,A013-AE,A013-AE-051
A013,A013-AE,A013-AE-052
A013,A013-AE,A013-AE-053
A013,A013-AF,A013-AF-001
A013,A013-AF,A013-AF-002
A013,A013-AF,A013-AF-003
A013,A013-AF,A013-AF-011
A013,A013-AF,A013-AF-012
A013,A013-AF,A013-AF-013
A013,A013-AF,A013-AF-021
A013,A013-AF,A013-AF-022
A013,A013-AF,A013-AF-023
A013,A013-AF,A013-AF-031
A013,A013-AF,A013-AF-032
A013,A013-AF,A013-AF-033
A013,A013-AF,A013-AF-041
A013,A013-AF,A013-AF-042
A013,A013-AF,A013-AF-043
A013,A013-AF,A013-AF-051
A013,A013-AF,A013-AF-052
A013,A013-AF,A013-AF-053
A013,A013-AG,A013-AG-001
A013,A013-AG,A013-AG-002
A013,A013-AG,A013-AG-003
A013,A013-AG,A013-AG-011
A013,A013-AG,A013-AG-012
A013,A013-AG,A013-AG-013
A013,A013-AG,A013-AG-021
A013,A013-AG,A013-AG-022
A013,A013-AG,A013-AG-023
A013,A013-AG,A013-AG-031
A013,A013-AG,A013-AG-032
A013,A013-AG,A013-AG-033
A013,A013-AG,A013-AG-041
A013,A013-AG,A013-AG-042
A013,A013-AG,A013-AG-043
A013,A013-AG,A013-AG-051
A013,A013-AG,A013-AG-052
A013,A013-AG,A013-AG-053
A013,A013-AH,A013-AH-001
A013,A013-AH,A013-AH-002
A013,A013-AH,A013-AH-003
A013,A013-AH,A013-AH-011
A013,A013-AH,A013-AH-012
A013,A013-AH,A013-AH-013
A013,A013-AH,A013-AH-021
A013,A013-AH,A013-AH-022
A013,A013-AH,A013-AH-023
A013,A013-AH,A013-AH-031
A013,A013-AH,A013-AH-032
A013,A013-AH,A013-AH-033
A013,A013-AH,A013-AH-041
A013,A013-AH,A013-AH-042
A013,A013-AH,A013-AH-043
A013,A013-AH,A013-AH-051
A013,A013-AH,A013-AH-052
A013,A013-AH,A013-AH-053
A013,A013-AI,A013-AI-001
A013,A013-AI,A013-AI-002
A013,A013-AI,A013-AI-003
A013,A013-AI,A013-AI-011
A013,A013-AI,A013-AI-012
A013,A013-AI,A013-AI-013
A013,A013-AI,A013-AI-021
A013,A013-AI,A013-AI-022
A013,A013-AI,A013-AI-023
A013,A013-AI,A013-AI-031
A013,A013-AI,A013-AI-032
A013,A013-AI,A013-AI-033
A013,A013-AI,A013-AI-041
A013,A013-AI,A013-AI-042
A013,A013-AI,A013-AI-043
A013,A013-AI,A013-AI-051
A013,A013-AI,A013-AI-052
A013,A013-AI,A013-AI-053
A013,A013-AJ,A013-AJ-001
A013,A013-AJ,A013-AJ-002
A013,A013-AJ,A013-AJ-003
A013,A013-AJ,A013-AJ-011
A013,A013-AJ,A013-AJ-012
A013,A013-AJ,A013-AJ-013
A013,A013-AJ,A013-AJ-021
A013,A013-AJ,A013-AJ-022
A013,A013-AJ,A013-AJ-023
A013,A013-AJ,A013-AJ-031
A013,A013-AJ,A013-AJ-032
A013,A013-AJ,A013-AJ-033
A013,A013-AJ,A013-AJ-041
A013,A013-AJ,A013-AJ-042
A013,A013-AJ,A013-AJ-043
A013,A013-AJ,A013-AJ-051
A013,A013-AJ,A013-AJ-052
A013,A013-AJ,A013-AJ-053
A014,A014-AA,A014-AA-001
A014,A014-AA,A014-AA-002
A014,A014-AA,A014-AA-003
A014,A014-AA,A014-AA-011
A014,A014-AA,A014-AA-012
A014,A014-AA,A014-AA-013
A014,A014-AA,A014-AA-021
A014,A014-AA,A014-AA-022
A014,A014-AA,A014-AA-023
A014,A014-AA,A014-AA-031
A014,A014-AA,A014-AA-032
A014,A014-AA,A014-AA-033
A014,A014-AA,A014-AA-041
A014,A014-AA,A014-AA-042
A014,A014-AA,A014-AA-043
A014,A014-AA,A014-AA-051
A014,A014-AA,A014-AA-052
A014,A014-AA,A014-AA-053
A014,A014-AB,A014-AB-001
A014,A014-AB,A014-AB-002
A014,A014-AB,A014-AB-003
A014,A014-AB,A014-AB-011
A014,A014-AB,A014-AB-012
A014,A014-AB,A014-AB-013
A014,A014-AB,A014-AB-021
A014,A014-AB,A014-AB-022
A014,A014-AB,A014-AB-023
A014,A014-AB,A014-AB-031
A014,A014-AB,A014-AB-032
A014,A014-AB,A014-AB-033
A014,A014-AB,A014-AB-041
A014,A014-AB,A014-AB-042
A014,A014-AB,A014-AB-043
A014,A014-AB,A014-AB-051
A014,A014-AB,A014-AB-052
A014,A014-AB,A014-AB-053
A014,A014-AC,A014-AC-001
A014,A014-AC,A014-AC-002
A014,A014-AC,A014-AC-003
A014,A014-AC,A014-AC-011
A014,A014-AC,A014-AC-012
A014,A014-AC,A014-AC-013
A014,A014-AC,A014-AC-021
A014,A014-AC,A014-AC-022
A014,A014-AC,A014-AC-023
A014,A014-AC,A014-AC-031
A014,A014-AC,A014-AC-032
A014,A014-AC,A014-AC-033
A014,A014-AC,A014-AC-041
A014,A014-AC,A014-AC-042
A014,A014-AC,A014-AC-043
A014,A014-AC,A014-AC-051
A014,A014-AC,A014-AC-052
A014,A014-AC,A014-AC-053
A014,A014-AD,A014-AD-001
A014,A014-AD,A014-AD-002
A014,A014-AD,A014-AD-003
A014,A014-AD,A014-AD-011
A014,A014-AD,A014-AD-012
A014,A014-AD,A014-AD-013
A014,A014-AD,A014-AD-021
A014,A014-AD,A014-AD-022
A014,A014-AD,A014-AD-023
A014,A014-AD,A014-AD-031
A014,A014-AD,A014-AD-032
A014,A014-AD,A014-AD-033
A014,A014-AD,A014-AD-041
A014,A014-AD,A014-AD-042
A014,A014-AD,A014-AD-043
A014,A014-AD,A014-AD-051
A014,A014-AD,A014-AD-052
A014,A014-AD,A014-AD-053
A014,A014-AE,A014-AE-001
A014,A014-AE,A014-AE-002
A014,A014-AE,A014-AE-003
A014,A014-AE,A014-AE-011
A014,A014-AE,A014-AE-012
A014,A014-AE,A014-AE-013
A014,A014-AE,A014-AE-021
A014,A014-AE,A014-AE-022
A014,A014-AE,A014-AE-023
A014,A014-AE,A014-AE-031
A014,A014-AE,A014-AE-032
A014,A014-AE,A014-AE-033
A014,A014-AE,A014-AE-041
A014,A014-AE,A014-AE-042
A014,A014-AE,A014-AE-043
A014,A014-AE,A014-AE-051
A014,A014-AE,A014-AE-052
A014,A014-AE,A014-AE-053
A014,A014-AF,A014-AF-001
A014,A014-AF,A014-AF-002
A014,A014-AF,A014-AF-003
A014,A014-AF,A014-AF-011
A014,A014-AF,A014-AF-012
A014,A014-AF,A014-AF-013
A014,A014-AF,A014-AF-021
A014,A014-AF,A014-AF-022
A014,A014-AF,A014-AF-023
A014,A014-AF,A014-AF-031
A014,A014-AF,A014-AF-032
A014,A014-AF,A014-AF-033
A014,A014-AF,A014-AF-041
A014,A014-AF,A014-AF-042
A014,A014-AF,A014-AF-043
A014,A014-AF,A014-AF-051
A014,A014-AF,A014-AF-052
A014,A014-AF,A014-AF-053
A014,A014-AG,A014-AG-001
A014,A014-AG,A014-AG-002
A014,A014-AG,A014-AG-003
A014,A014-AG,A014-AG-011
A014,A014-AG,A014-AG-012
A014,A014-AG,A014-AG-013
A014,A014-AG,A014-AG-021
A014,A014-AG,A014-AG-022
A014,A014-AG,A014-AG-023
A014,A014-AG,A014-AG-031
A014,A014-AG,A014-AG-032
A014,A014-AG,A014-AG-033
A014,A014-AG,A014-AG-041
A014,A014-AG,A014-AG-042
A014,A014-AG,A014-AG-043
A014,A014-AG,A014-AG-051
A014,A014-AG,A014-AG-052
A014,A014-AG,A014-AG-053
A014,A014-AH,A014-AH-001
A014,A014-AH,A014-AH-002
A014,A014-AH,A014-AH-003
A014,A014-AH,A014-AH-011
A014,A014-AH,A014-AH-012
A014,A014-AH,A014-AH-013
A014,A014-AH,A014-AH-021
A014,A014-AH,A014-AH-022
A014,A014-AH,A014-AH-023
A014,A014-AH,A014-AH-031
A014,A014-AH,A014-AH-032
A014,A014-AH,A014-AH-033
A014,A014-AH,A014-AH-041
A014,A014-AH,A014-AH-042
A014,A014-AH,A014-AH-043
A014,A014-AH,A014-AH-051
A014,A014-AH,A014-AH-052
A014,A014-AH,A014-AH-053
A014,A014-AI,A014-AI-001
A014,A014-AI,A014-AI-002
A014,A014-AI,A014-AI-003
A014,A014-AI,A014-AI-011
A014,A014-AI,A014-AI-012
A014,A014-AI,A014-AI-013
A014,A014-AI,A014-AI-021
A014,A014-AI,A014-AI-022
A014,A014-AI,A014-AI-023
A014,A014-AI,A014-AI-031
A014,A014-AI,A014-AI-032
A014,A014-AI,A014-AI-033
A014,A014-AI,A014-AI-041
A014,A014-AI,A014-AI-042
A014,A014-AI,A014-AI-043
A014,A014-AI,A014-AI-051
A014,A014-AI,A014-AI-052
A014,A014-AI,A014-AI-053
A014,A014-AJ,A014-AJ-001
A014,A014-AJ,A014-AJ-002
A014,A014-AJ,A014-AJ-003
A014,A014-AJ,A014-AJ-011
A014,A014-AJ,A014-AJ-012
A014,A014-AJ,A014-AJ-013
A014,A014-AJ,A014-AJ-021
A014,A014-AJ,A014-AJ-022
A014,A014-AJ,A014-AJ-023
A014,A014-AJ,A014-AJ-031
A014,A014-AJ,A014-AJ-032
A014,A014-AJ,A014-AJ-033
A014,A014-AJ,A014-AJ-041
A014,A014-AJ,A014-AJ-042
A014,A014-AJ,A014-AJ-043
A014,A014-AJ,A014-AJ-051
A014,A014-AJ,A014-AJ-052
A014,A014-AJ,A014-AJ-053
A015,A015-AA,A015-AA-001
A015,A015-AA,A015-AA-002
A015,A015-AA,A015-AA-003
A015,A015-AA,A015-AA-011
A015,A015-AA,A015-AA-012
A015,A015-AA,A015-AA-013
A015,A015-AA,A015-AA-021
A015,A015-AA,A015-AA-022
A015,A015-AA,A015-AA-023
A015,A015-AA,A015-AA-031
A015,A015-AA,A015-AA-032
A015,A015-AA,A015-AA-033
A015,A015-AA,A015-AA-041
A015,A015-AA,A015-AA-042
A015,A015-AA,A015-AA-043
A015,A015-AA,A015-AA-051
A015,A015-AA,A015-AA-052
A015,A015-AA,A015-AA-053
A015,A015-AB,A015-AB-001
A015,A015-AB,A015-AB-002
A015,A015-AB,A015-AB-003
A015,A015-AB,A015-AB-011
A015,A015-AB,A015-AB-012
A015,A015-AB,A015-AB-013
A015,A015-AB,A015-AB-021
A015,A015-AB,A015-AB-022
A015,A015-AB,A015-AB-023
A015,A015-AB,A015-AB-031
A015,A015-AB,A015-AB-032
A015,A015-AB,A015-AB-033
A015,A015-AB,A015-AB-041
A015,A015-AB,A015-AB-042
A015,A015-AB,A015-AB-043
A015,A015-AB,A015-AB-051
A015,A015-AB,A015-AB-052
A015,A015-AB,A015-AB-053
A015,A015-AC,A015-AC-001
A015,A015-AC,A015-AC-002
A015,A015-AC,A015-AC-003
A015,A015-AC,A015-AC-011
A015,A015-AC,A015-AC-012
A015,A015-AC,A015-AC-013
A015,A015-AC,A015-AC-021
A015,A015-AC,A015-AC-022
A015,A015-AC,A015-AC-023
A015,A015-AC,A015-AC-031
A015,A015-AC,A015-AC-032
A015,A015-AC,A015-AC-033
A015,A015-AC,A015-AC-041
A015,A015-AC,A015-AC-042
A015,A015-AC,A015-AC-043
A015,A015-AC,A015-AC-051
A015,A015-AC,A015-AC-052
A015,A015-AC,A015-AC-053
A015,A015-AD,A015-AD-001
A015,A015-AD,A015-AD-002
A015,A015-AD,A015-AD-003
A015,A015-AD,A015-AD-011
A015,A015-AD,A015-AD-012
A015,A015-AD,A015-AD-013
A015,A015-AD,A015-AD-021
A015,A015-AD,A015-AD-022
A015,A015-AD,A015-AD-023
A015,A015-AD,A015-AD-031
A015,A015-AD,A015-AD-032
A015,A015-AD,A015-AD-033
A015,A015-AD,A015-AD-041
A015,A015-AD,A015-AD-042
A015,A015-AD,A015-AD-043
A015,A015-AD,A015-AD-051
A015,A015-AD,A015-AD-052
A015,A015-AD,A015-AD-053
A015,A015-AE,A015-AE-001
A015,A015-AE,A015-AE-002
A015,A015-AE,A015-AE-003
A015,A015-AE,A015-AE-011
A015,A015-AE,A015-AE-012
A015,A015-AE,A015-AE-013
A015,A015-AE,A015-AE-021
A015,A015-AE,A015-AE-022
A015,A015-AE,A015-AE-023
A015,A015-AE,A015-AE-031
A015,A015-AE,A015-AE-032
A015,A015-AE,A015-AE-033
A015,A015-AE,A015-AE-041
A015,A015-AE,A015-AE-042
A015,A015-AE,A015-AE-043
A015,A015-AE,A015-AE-051
A015,A015-AE,A015-AE-052
A015,A015-AE,A015-AE-053
A015,A015-AF,A015-AF-001
A015,A015-AF,A015-AF-002
A015,A015-AF,A015-AF-003
A015,A015-AF,A015-AF-011
A015,A015-AF,A015-AF-012
A015,A015-AF,A015-AF-013
A015,A015-AF,A015-AF-021
A015,A015-AF,A015-AF-022
A015,A015-AF,A015-AF-023
A015,A015-AF,A015-AF-031
A015,A015-AF,A015-AF-032
A015,A015-AF,A015-AF-033
A015,A015-AF,A015-AF-041
A015,A015-AF,A015-AF-042
A015,A015-AF,A015-AF-043
A015,A015-AF,A015-AF-051
A015,A015-AF,A015-AF-052
A015,A015-AF,A015-AF-053
A015,A015-AG,A015-AG-001
A015,A015-AG,A015-AG-002
A015,A015-AG,A015-AG-003
A015,A015-AG,A015-AG-011
A015,A015-AG,A015-AG-012
A015,A015-AG,A015-AG-013
A015,A015-AG,A015-AG-021
A015,A015-AG,A015-AG-022
A015,A015-AG,A015-AG-023
A015,A015-AG,A015-AG-031
A015,A015-AG,A015-AG-032
A015,A015-AG,A015-AG-033
A015,A015-AG,A015-AG-041
A015,A015-AG,A015-AG-042
A015,A015-AG,A015-AG-043
A015,A015-AG,A015-AG-051
A015,A015-AG,A015-AG-052
A015,A015-AG,A015-AG-053
A015,A015-AH,A015-AH-001
A015,A015-AH,A015-AH-002
A015,A015-AH,A015-AH-003
A015,A015-AH,A015-AH-011
A015,A015-AH,A015-AH-012
A015,A015-AH,A015-AH-013
A015,A015-AH,A015-AH-021
A015,A015-AH,A015-AH-022
A015,A015-AH,A015-AH-023
A015,A015-AH,A015-AH-031
A015,A015-AH,A015-AH-032
A015,A015-AH,A015-AH-033
A015,A015-AH,A015-AH-041
A015,A015-AH,A015-AH-042
A015,A015-AH,A015-AH-043
A015,A015-AH,A015-AH-051
A015,A015-AH,A015-AH-052
A015,A015-AH,A015-AH-053
A015,A015-AI,A015-AI-001
A015,A015-AI,A015-AI-002
A015,A015-AI,A015-AI-003
A015,A015-AI,A015-AI-011
A015,A015-AI,A015-AI-012
A015,A015-AI,A015-AI-013
A015,A015-AI,A015-AI-021
A015,A015-AI,A015-AI-022
A015,A015-AI,A015-AI-023
A015,A015-AI,A015-AI-031
A015,A015-AI,A015-AI-032
A015,A015-AI,A015-AI-033
A015,A015-AI,A015-AI-041
A015,A015-AI,A015-AI-042
A015,A015-AI,A015-AI-043
A015,A015-AI,A015-AI-051
A015,A015-AI,A015-AI-052
A015,A015-AI,A015-AI-053
A015,A015-AJ,A015-AJ-001
A015,A015-AJ,A015-AJ-002
A015,A015-AJ,A015-AJ-003
A015,A015-AJ,A015-AJ-011
A015,A015-AJ,A015-AJ-012
A015,A015-AJ,A015-AJ-013
A015,A015-AJ,A015-AJ-021
A015,A015-AJ,A015-AJ-022
A015,A015-AJ,A015-AJ-023
A015,A015-AJ,A015-AJ-031
A015,A015-AJ,A015-AJ-032
A015,A015-AJ,A015-AJ-033
A015,A015-AJ,A015-AJ-041
A015,A015-AJ,A015-AJ-042
A015,A015-AJ,A015-AJ-043
A015,A015-AJ,A015-AJ-051
A015,A015-AJ,A015-AJ-052
A015,A015-AJ,A015-AJ-053
A016,A016-AA,A016-AA-001
A016,A016-AA,A016-AA-002
A016,A016-AA,A016-AA-003
A016,A016-AA,A016-AA-011
A016,A016-AA,A016-AA-012
A016,A016-AA,A016-AA-013
A016,A016-AA,A016-AA-021
A016,A016-AA,A016-AA-022
A016,A016-AA,A016-AA-023
A016,A016-AA,A016-AA-031
A016,A016-AA,A016-AA-032
A016,A016-AA,A016-AA-033
A016,A016-AA,A016-AA-041
A016,A016-AA,A016-AA-042
A016,A016-AA,A016-AA-043
A016,A016-AA,A016-AA-051
A016,A016-AA,A016-AA-052
A016,A016-AA,A016-AA-053
A016,A016-AB,A016-AB-001
A016,A016-AB,A016-AB-002
A016,A016-AB,A016-AB-003
A016,A016-AB,A016-AB-011
A016,A016-AB,A016-AB-012
A016,A016-AB,A016-AB-013
A016,A016-AB,A016-AB-021
A016,A016-AB,A016-AB-022
A016,A016-AB,A016-AB-023
A016,A016-AB,A016-AB-031
A016,A016-AB,A016-AB-032
A016,A016-AB,A016-AB-033
A016,A016-AB,A016-AB-041
A016,A016-AB,A016-AB-042
A016,A016-AB,A016-AB-043
A016,A016-AB,A016-AB-051
A016,A016-AB,A016-AB-052
A016,A016-AB,A016-AB-053
A016,A016-AC,A016-AC-001
A016,A016-AC,A016-AC-002
A016,A016-AC,A016-AC-003
A016,A016-AC,A016-AC-011
A016,A016-AC,A016-AC-012
A016,A016-AC,A016-AC-013
A016,A016-AC,A016-AC-021
A016,A016-AC,A016-AC-022
A016,A016-AC,A016-AC-023
A016,A016-AC,A016-AC-031
A016,A016-AC,A016-AC-032
A016,A016-AC,A016-AC-033
A016,A016-AC,A016-AC-041
A016,A016-AC,A016-AC-042
A016,A016-AC,A016-AC-043
A016,A016-AC,A016-AC-051
A016,A016-AC,A016-AC-052
A016,A016-AC,A016-AC-053
A016,A016-AD,A016-AD-001
A016,A016-AD,A016-AD-002
A016,A016-AD,A016-AD-003
A016,A016-AD,A016-AD-011
A016,A016-AD,A016-AD-012
A016,A016-AD,A016-AD-013
A016,A016-AD,A016-AD-021
A016,A016-AD,A016-AD-022
A016,A016-AD,A016-AD-023
A016,A016-AD,A016-AD-031
A016,A016-AD,A016-AD-032
A016,A016-AD,A016-AD-033
A016,A016-AD,A016-AD-041
A016,A016-AD,A016-AD-042
A016,A016-AD,A016-AD-043
A016,A016-AD,A016-AD-051
A016,A016-AD,A016-AD-052
A016,A016-AD,A016-AD-053
A016,A016-AE,A016-AE-001
A016,A016-AE,A016-AE-002
A016,A016-AE,A016-AE-003
A016,A016-AE,A016-AE-011
A016,A016-AE,A016-AE-012
A016,A016-AE,A016-AE-013
A016,A016-AE,A016-AE-021
A016,A016-AE,A016-AE-022
A016,A016-AE,A016-AE-023
A016,A016-AE,A016-AE-031
A016,A016-AE,A016-AE-032
A016,A016-AE,A016-AE-033
A016,A016-AE,A016-AE-041
A016,A016-AE,A016-AE-042
A016,A016-AE,A016-AE-043
A016,A016-AE,A016-AE-051
A016,A016-AE,A016-AE-052
A016,A016-AE,A016-AE-053
A016,A016-AF,A016-AF-001
A016,A016-AF,A016-AF-002
A016,A016-AF,A016-AF-003
A016,A016-AF,A016-AF-011
A016,A016-AF,A016-AF-012
A016,A016-AF,A016-AF-013
A016,A016-AF,A016-AF-021
A016,A016-AF,A016-AF-022
A016,A016-AF,A016-AF-023
A016,A016-AF,A016-AF-031
A016,A016-AF,A016-AF-032
A016,A016-AF,A016-AF-033
A016,A016-AF,A016-AF-041
A016,A016-AF,A016-AF-042
A016,A016-AF,A016-AF-043
A016,A016-AF,A016-AF-051
A016,A016-AF,A016-AF-052
A016,A016-AF,A016-AF-053
A016,A016-AG,A016-AG-001
A016,A016-AG,A016-AG-002
A016,A016-AG,A016-AG-003
A016,A016-AG,A016-AG-011
A016,A016-AG,A016-AG-012
A016,A016-AG,A016-AG-013
A016,A016-AG,A016-AG-021
A016,A016-AG,A016-AG-022
A016,A016-AG,A016-AG-023
A016,A016-AG,A016-AG-031
A016,A016-AG,A016-AG-032
A016,A016-AG,A016-AG-033
A016,A016-AG,A016-AG-041
A016,A016-AG,A016-AG-042
A016,A016-AG,A016-AG-043
A016,A016-AG,A016-AG-051
A016,A016-AG,A016-AG-052
A016,A016-AG,A016-AG-053
A016,A016-AH,A016-AH-001
A016,A016-AH,A016-AH-002
A016,A016-AH,A016-AH-003
A016,A016-AH,A016-AH-011
A016,A016-AH,A016-AH-012
A016,A016-AH,A016-AH-013
A016,A016-AH,A016-AH-021
A016,A016-AH,A016-AH-022
A016,A016-AH,A016-AH-023
A016,A016-AH,A016-AH-031
A016,A016-AH,A016-AH-032
A016,A016-AH,A016-AH-033
A016,A016-AH,A016-AH-041
A016,A016-AH,A016-AH-042
A016,A016-AH,A016-AH-043
A016,A016-AH,A016-AH-051
A016,A016-AH,A016-AH-052
A016,A016-AH,A016-AH-053
A016,A016-AI,A016-AI-001
A016,A016-AI,A016-AI-002
A016,A016-AI,A016-AI-003
A016,A016-AI,A016-AI-011
A016,A016-AI,A016-AI-012
A016,A016-AI,A016-AI-013
A016,A016-AI,A016-AI-021
A016,A016-AI,A016-AI-022
A016,A016-AI,A016-AI-023
A016,A016-AI,A016-AI-031
A016,A016-AI,A016-AI-032
A016,A016-AI,A016-AI-033
A016,A016-AI,A016-AI-041
A016,A016-AI,A016-AI-042
A016,A016-AI,A016-AI-043
A016,A016-AI,A016-AI-051
A016,A016-AI,A016-AI-052
A016,A016-AI,A016-AI-053
A016,A016-AJ,A016-AJ-001
A016,A016-AJ,A016-AJ-002
A016,A016-AJ,A016-AJ-003
A016,A016-AJ,A016-AJ-011
A016,A016-AJ,A016-AJ-012
A016,A016-AJ,A016-AJ-013
A016,A016-AJ,A016-AJ-021
A016,A016-AJ,A016-AJ-022
A016,A016-AJ,A016-AJ-023
A016,A016-AJ,A016-AJ-031
A016,A016-AJ,A016-AJ-032
A016,A016-AJ,A016-AJ-033
A016,A016-AJ,A016-AJ-041
A016,A016-AJ,A016-AJ-042
A016,A016-AJ,A016-AJ-043
A016,A016-AJ,A016-AJ-051
A016,A016-AJ,A016-AJ-052
A016,A016-AJ,A016-AJ-053
A017,A017-AA,A017-AA-001
A017,A017-AA,A017-AA-002
A017,A017-AA,A017-AA-003
A017,A017-AA,A017-AA-011
A017,A017-AA,A017-AA-012
A017,A017-AA,A017-AA-013
A017,A017-AA,A017-AA-021
A017,A017-AA,A017-AA-022
A017,A017-AA,A017-AA-023
A017,A017-AA,A017-AA-031
A017,A017-AA,A017-AA-032
A017,A017-AA,A017-AA-033
A017,A017-AA,A017-AA-041
A017,A017-AA,A017-AA-042
A017,A017-AA,A017-AA-043
A017,A017-AA,A017-AA-051
A017,A017-AA,A017-AA-052
A017,A017-AA,A017-AA-053
A017,A017-AB,A017-AB-001
A017,A017-AB,A017-AB-002
A017,A017-AB,A017-AB-003
A017,A017-AB,A017-AB-011
A017,A017-AB,A017-AB-012
A017,A017-AB,A017-AB-013
A017,A017-AB,A017-AB-021
A017,A017-AB,A017-AB-022
A017,A017-AB,A017-AB-023
A017,A017-AB,A017-AB-031
A017,A017-AB,A017-AB-032
A017,A017-AB,A017-AB-033
A017,A017-AB,A017-AB-041
A017,A017-AB,A017-AB-042
A017,A017-AB,A017-AB-043
A017,A017-AB,A017-AB-051
A017,A017-AB,A017-AB-052
A017,A017-AB,A017-AB-053
A017,A017-AC,A017-AC-001
A017,A017-AC,A017-AC-002
A017,A017-AC,A017-AC-003
A017,A017-AC,A017-AC-011
A017,A017-AC,A017-AC-012
A017,A017-AC,A017-AC-013
A017,A017-AC,A017-AC-021
A017,A017-AC,A017-AC-022
A017,A017-AC,A017-AC-023
A017,A017-AC,A017-AC-031
A017,A017-AC,A017-AC-032
A017,A017-AC,A017-AC-033
A017,A017-AC,A017-AC-041
A017,A017-AC,A017-AC-042
A017,A017-AC,A017-AC-043
A017,A017-AC,A017-AC-051
A017,A017-AC,A017-AC-052
A017,A017-AC,A017-AC-053
A017,A017-AD,A017-AD-001
A017,A017-AD,A017-AD-002
A017,A017-AD,A017-AD-003
A017,A017-AD,A017-AD-011
A017,A017-AD,A017-AD-012
A017,A017-AD,A017-AD-013
A017,A017-AD,A017-AD-021
A017,A017-AD,A017-AD-022
A017,A017-AD,A017-AD-023
A017,A017-AD,A017-AD-031
A017,A017-AD,A017-AD-032
A017,A017-AD,A017-AD-033
A017,A017-AD,A017-AD-041
A017,A017-AD,A017-AD-042
A017,A017-AD,A017-AD-043
A017,A017-AD,A017-AD-051
A017,A017-AD,A017-AD-052
A017,A017-AD,A017-AD-053
A017,A017-AE,A017-AE-001
A017,A017-AE,A017-AE-002
A017,A017-AE,A017-AE-003
A017,A017-AE,A017-AE-011
A017,A017-AE,A017-AE-012
A017,A017-AE,A017-AE-013
A017,A017-AE,A017-AE-021
A017,A017-AE,A017-AE-022
A017,A017-AE,A017-AE-023
A017,A017-AE,A017-AE-031
A017,A017-AE,A017-AE-032
A017,A017-AE,A017-AE-033
A017,A017-AE,A017-AE-041
A017,A017-AE,A017-AE-042
A017,A017-AE,A017-AE-043
A017,A017-AE,A017-AE-051
A017,A017-AE,A017-AE-052
A017,A017-AE,A017-AE-053
A017,A017-AF,A017-AF-001
A017,A017-AF,A017-AF-002
A017,A017-AF,A017-AF-003
A017,A017-AF,A017-AF-011
A017,A017-AF,A017-AF-012
A017,A017-AF,A017-AF-013
A017,A017-AF,A017-AF-021
A017,A017-AF,A017-AF-022
A017,A017-AF,A017-AF-023
A017,A017-AF,A017-AF-031
A017,A017-AF,A017-AF-032
A017,A017-AF,A017-AF-033
A017,A017-AF,A017-AF-041
A017,A017-AF,A017-AF-042
A017,A017-AF,A017-AF-043
A017,A017-AF,A017-AF-051
A017,A017-AF,A017-AF-052
A017,A017-AF,A017-AF-053
A017,A017-AG,A017-AG-001
A017,A017-AG,A017-AG-002
A017,A017-AG,A017-AG-003
A017,A017-AG,A017-AG-011
A017,A017-AG,A017-AG-012
A017,A017-AG,A017-AG-013
A017,A017-AG,A017-AG-021
A017,A017-AG,A017-AG-022
A017,A017-AG,A017-AG-023
A017,A017-AG,A017-AG-031
A017,A017-AG,A017-AG-032
A017,A017-AG,A017-AG-033
A017,A017-AG,A017-AG-041
A017,A017-AG,A017-AG-042
A017,A017-AG,A017-AG-043
A017,A017-AG,A017-AG-051
A017,A017-AG,A017-AG-052
A017,A017-AG,A017-AG-053
A017,A017-AH,A017-AH-001
A017,A017-AH,A017-AH-002
A017,A017-AH,A017-AH-003
A017,A017-AH,A017-AH-011
A017,A017-AH,A017-AH-012
A017,A017-AH,A017-AH-013
A017,A017-AH,A017-AH-021
A017,A017-AH,A017-AH-022
A017,A017-AH,A017-AH-023
A017,A017-AH,A017-AH-031
A017,A017-AH,A017-AH-032
A017,A017-AH,A017-AH-033
A017,A017-AH,A017-AH-041
A017,A017-AH,A017-AH-042
A017,A017-AH,A017-AH-043
A017,A017-AH,A017-AH-051
A017,A017-AH,A017-AH-052
A017,A017-AH,A017-AH-053
A017,A017-AI,A017-AI-001
A017,A017-AI,A017-AI-002
A017,A017-AI,A017-AI-003
A017,A017-AI,A017-AI-011
A017,A017-AI,A017-AI-012
A017,A017-AI,A017-AI-013
A017,A017-AI,A017-AI-021
A017,A017-AI,A017-AI-022
A017,A017-AI,A017-AI-023
A017,A017-AI,A017-AI-031
A017,A017-AI,A017-AI-032
A017,A017-AI,A017-AI-033
A017,A017-AI,A017-AI-041
A017,A017-AI,A017-AI-042
A017,A017-AI,A017-AI-043
A017,A017-AI,A017-AI-051
A017,A017-AI,A017-AI-052
A017,A017-AI,A017-AI-053
A017,A017-AJ,A017-AJ-001
A017,A017-AJ,A017-AJ-002
A017,A017-AJ,A017-AJ-003
A017,A017-AJ,A017-AJ-011
A017,A017-AJ,A017-AJ-012
A017,A017-AJ,A017-AJ-013
A017,A017-AJ,A017-AJ-021
A017,A017-AJ,A017-AJ-022
A017,A017-AJ,A017-AJ-023
A017,A017-AJ,A017-AJ-031
A017,A017-AJ,A017-AJ-032
A017,A017-AJ,A017-AJ-033
A017,A017-AJ,A017-AJ-041
A017,A017-AJ,A017-AJ-042
A017,A017-AJ,A017-AJ-043
A017,A017-AJ,A017-AJ-051
A017,A017-AJ,A017-AJ-052
A017,A017-AJ,A017-AJ-053
A018,A018-AA,A018-AA-001
A018,A018-AA,A018-AA-002
A018,A018-AA,A018-AA-003
A018,A018-AA,A018-AA-011
A018,A018-AA,A018-AA-012
A018,A018-AA,A018-AA-013
A018,A018-AA,A018-AA-021
A018,A018-AA,A018-AA-022
A018,A018-AA,A018-AA-023
A018,A018-AA,A018-AA-031
A018,A018-AA,A018-AA-032
A018,A018-AA,A018-AA-033
A018,A018-AA,A018-AA-041
A018,A018-AA,A018-AA-042
A018,A018-AA,A018-AA-043
A018,A018-AA,A018-AA-051
A018,A018-AA,A018-AA-052
A018,A018-AA,A018-AA-053
A018,A018-AB,A018-AB-001
A018,A018-AB,A018-AB-002
A018,A018-AB,A018-AB-003
A018,A018-AB,A018-AB-011
A018,A018-AB,A018-AB-012
A018,A018-AB,A018-AB-013
A018,A018-AB,A018-AB-021
A018,A018-AB,A018-AB-022
A018,A018-AB,A018-AB-023
A018,A018-AB,A018-AB-031
A018,A018-AB,A018-AB-032
A018,A018-AB,A018-AB-033
A018,A018-AB,A018-AB-041
A018,A018-AB,A018-AB-042
A018,A018-AB,A018-AB-043
A018,A018-AB,A018-AB-051
A018,A018-AB,A018-AB-052
A018,A018-AB,A018-AB-053
A018,A018-AC,A018-AC-001
A018,A018-AC,A018-AC-002
A018,A018-AC,A018-AC-003
A018,A018-AC,A018-AC-011
A018,A018-AC,A018-AC-012
A018,A018-AC,A018-AC-013
A018,A018-AC,A018-AC-021
A018,A018-AC,A018-AC-022
A018,A018-AC,A018-AC-023
A018,A018-AC,A018-AC-031
A018,A018-AC,A018-AC-032
A018,A018-AC,A018-AC-033
A018,A018-AC,A018-AC-041
A018,A018-AC,A018-AC-042
A018,A018-AC,A018-AC-043
A018,A018-AC,A018-AC-051
A018,A018-AC,A018-AC-052
A018,A018-AC,A018-AC-053
A018,A018-AD,A018-AD-001
A018,A018-AD,A018-AD-002
A018,A018-AD,A018-AD-003
A018,A018-AD,A018-AD-011
A018,A018-AD,A018-AD-012
A018,A018-AD,A018-AD-013
A018,A018-AD,A018-AD-021
A018,A018-AD,A018-AD-022
A018,A018-AD,A018-AD-023
A018,A018-AD,A018-AD-031
A018,A018-AD,A018-AD-032
A018,A018-AD,A018-AD-033
A018,A018-AD,A018-AD-041
A018,A018-AD,A018-AD-042
A018,A018-AD,A018-AD-043
A018,A018-AD,A018-AD-051
A018,A018-AD,A018-AD-052
A018,A018-AD,A018-AD-053
A018,A018-AE,A018-AE-001
A018,A018-AE,A018-AE-002
A018,A018-AE,A018-AE-003
A018,A018-AE,A018-AE-011
A018,A018-AE,A018-AE-012
A018,A018-AE,A018-AE-013
A018,A018-AE,A018-AE-021
A018,A018-AE,A018-AE-022
A018,A018-AE,A018-AE-023
A018,A018-AE,A018-AE-031
A018,A018-AE,A018-AE-032
A018,A018-AE,A018-AE-033
A018,A018-AE,A018-AE-041
A018,A018-AE,A018-AE-042
A018,A018-AE,A018-AE-043
A018,A018-AE,A018-AE-051
A018,A018-AE,A018-AE-052
A018,A018-AE,A018-AE-053
A018,A018-AF,A018-AF-001
A018,A018-AF,A018-AF-002
A018,A018-AF,A018-AF-003
A018,A018-AF,A018-AF-011
A018,A018-AF,A018-AF-012
A018,A018-AF,A018-AF-013
A018,A018-AF,A018-AF-021
A018,A018-AF,A018-AF-022
A018,A018-AF,A018-AF-023
A018,A018-AF,A018-AF-031
A018,A018-AF,A018-AF-032
A018,A018-AF,A018-AF-033
A018,A018-AF,A018-AF-041
A018,A018-AF,A018-AF-042
A018,A018-AF,A018-AF-043
A018,A018-AF,A018-AF-051
A018,A018-AF,A018-AF-052
A018,A018-AF,A018-AF-053
A018,A018-AG,A018-AG-001
A018,A018-AG,A018-AG-002
A018,A018-AG,A018-AG-003
A018,A018-AG,A018-AG-011
A018,A018-AG,A018-AG-012
A018,A018-AG,A018-AG-013
A018,A018-AG,A018-AG-021
A018,A018-AG,A018-AG-022
A018,A018-AG,A018-AG-023
A018,A018-AG,A018-AG-031
A018,A018-AG,A018-AG-032
A018,A018-AG,A018-AG-033
A018,A018-AG,A018-AG-041
A018,A018-AG,A018-AG-042
A018,A018-AG,A018-AG-043
A018,A018-AG,A018-AG-051
A018,A018-AG,A018-AG-052
A018,A018-AG,A018-AG-053
A018,A018-AH,A018-AH-001
A018,A018-AH,A018-AH-002
A018,A018-AH,A018-AH-003
A018,A018-AH,A018-AH-011
A018,A018-AH,A018-AH-012
A018,A018-AH,A018-AH-013
A018,A018-AH,A018-AH-021
A018,A018-AH,A018-AH-022
A018,A018-AH,A018-AH-023
A018,A018-AH,A018-AH-031
A018,A018-AH,A018-AH-032
A018,A018-AH,A018-AH-033
A018,A018-AH,A018-AH-041
A018,A018-AH,A018-AH-042
A018,A018-AH,A018-AH-043
A018,A018-AH,A018-AH-051
A018,A018-AH,A018-AH-052
A018,A018-AH,A018-AH-053
A018,A018-AI,A018-AI-001
A018,A018-AI,A018-AI-002
A018,A018-AI,A018-AI-003
A018,A018-AI,A018-AI-011
A018,A018-AI,A018-AI-012
A018,A018-AI,A018-AI-013
A018,A018-AI,A018-AI-021
A018,A018-AI,A018-AI-022
A018,A018-AI,A018-AI-023
A018,A018-AI,A018-AI-031
A018,A018-AI,A018-AI-032
A018,A018-AI,A018-AI-033
A018,A018-AI,A018-AI-041
A018,A018-AI,A018-AI-042
A018,A018-AI,A018-AI-043
A018,A018-AI,A018-AI-051
A018,A018-AI,A018-AI-052
A018,A018-AI,A018-AI-053
A018,A018-AJ,A018-AJ-001
A018,A018-AJ,A018-AJ-002
A018,A018-AJ,A018-AJ-003
A018,A018-AJ,A018-AJ-011
A018,A018-AJ,A018-AJ-012
A018,A018-AJ,A018-AJ-013
A018,A018-AJ,A018-AJ-021
A018,A018-AJ,A018-AJ-022
A018,A018-AJ,A018-AJ-023
A018,A018-AJ,A018-AJ-031
A018,A018-AJ,A018-AJ-032
A018,A018-AJ,A018-AJ-033
A018,A018-AJ,A018-AJ-041
A018,A018-AJ,A018-AJ-042
A018,A018-AJ,A018-AJ-043
A018,A018-AJ,A018-AJ-051
A018,A018-AJ,A018-AJ-052
A018,A018-AJ,A018-AJ-053
A019,A019-AA,A019-AA-001
A019,A019-AA,A019-AA-002
A019,A019-AA,A019-AA-003
A019,A019-AA,A019-AA-011
A019,A019-AA,A019-AA-012
A019,A019-AA,A019-AA-013
A019,A019-AA,A019-AA-021
A019,A019-AA,A019-AA-022
A019,A019-AA,A019-AA-023
A019,A019-AA,A019-AA-031
A019,A019-AA,A019-AA-032
A019,A019-AA,A019-AA-033
A019,A019-AA,A019-AA-041
A019,A019-AA,A019-AA-042
A019,A019-AA,A019-AA-043
A019,A019-AA,A019-AA-051
A019,A019-AA,A019-AA-052
A019,A019-AA,A019-AA-053
A019,A019-AB,A019-AB-001
A019,A019-AB,A019-AB-002
A019,A019-AB,A019-AB-003
A019,A019-AB,A019-AB-011
A019,A019-AB,A019-AB-012
A019,A019-AB,A019-AB-013
A019,A019-AB,A019-AB-021
A019,A019-AB,A019-AB-022
A019,A019-AB,A019-AB-023
A019,A019-AB,A019-AB-031
A019,A019-AB,A019-AB-032
A019,A019-AB,A019-AB-033
A019,A019-AB,A019-AB-041
A019,A019-AB,A019-AB-042
A019,A019-AB,A019-AB-043
A019,A019-AB,A019-AB-051
A019,A019-AB,A019-AB-052
A019,A019-AB,A019-AB-053
A019,A019-AC,A019-AC-001
A019,A019-AC,A019-AC-002
A019,A019-AC,A019-AC-003
A019,A019-AC,A019-AC-011
A019,A019-AC,A019-AC-012
A019,A019-AC,A019-AC-013
A019,A019-AC,A019-AC-021
A019,A019-AC,A019-AC-022
A019,A019-AC,A019-AC-023
A019,A019-AC,A019-AC-031
A019,A019-AC,A019-AC-032
A019,A019-AC,A019-AC-033
A019,A019-AC,A019-AC-041
A019,A019-AC,A019-AC-042
A019,A019-AC,A019-AC-043
A019,A019-AC,A019-AC-051
A019,A019-AC,A019-AC-052
A019,A019-AC,A019-AC-053
A019,A019-AD,A019-AD-001
A019,A019-AD,A019-AD-002
A019,A019-AD,A019-AD-003
A019,A019-AD,A019-AD-011
A019,A019-AD,A019-AD-012
A019,A019-AD,A019-AD-013
A019,A019-AD,A019-AD-021
A019,A019-AD,A019-AD-022
A019,A019-AD,A019-AD-023
A019,A019-AD,A019-AD-031
A019,A019-AD,A019-AD-032
A019,A019-AD,A019-AD-033
A019,A019-AD,A019-AD-041
A019,A019-AD,A019-AD-042
A019,A019-AD,A019-AD-043
A019,A019-AD,A019-AD-051
A019,A019-AD,A019-AD-052
A019,A019-AD,A019-AD-053
A019,A019-AE,A019-AE-001
A019,A019-AE,A019-AE-002
A019,A019-AE,A019-AE-003
A019,A019-AE,A019-AE-011
A019,A019-AE,A019-AE-012
A019,A019-AE,A019-AE-013
A019,A019-AE,A019-AE-021
A019,A019-AE,A019-AE-022
A019,A019-AE,A019-AE-023
A019,A019-AE,A019-AE-031
A019,A019-AE,A019-AE-032
A019,A019-AE,A019-AE-033
A019,A019-AE,A019-AE-041
A019,A019-AE,A019-AE-042
A019,A019-AE,A019-AE-043
A019,A019-AE,A019-AE-051
A019,A019-AE,A019-AE-052
A019,A019-AE,A019-AE-053
A019,A019-AF,A019-AF-001
A019,A019-AF,A019-AF-002
A019,A019-AF,A019-AF-003
A019,A019-AF,A019-AF-011
A019,A019-AF,A019-AF-012
A019,A019-AF,A019-AF-013
A019,A019-AF,A019-AF-021
A019,A019-AF,A019-AF-022
A019,A019-AF,A019-AF-023
A019,A019-AF,A019-AF-031
A019,A019-AF,A019-AF-032
A019,A019-AF,A019-AF-033
A019,A019-AF,A019-AF-041
A019,A019-AF,A019-AF-042
A019,A019-AF,A019-AF-043
A019,A019-AF,A019-AF-051
A019,A019-AF,A019-AF-052
A019,A019-AF,A019-AF-053
A019,A019-AG,A019-AG-001
A019,A019-AG,A019-AG-002
A019,A019-AG,A019-AG-003
A019,A019-AG,A019-AG-011
A019,A019-AG,A019-AG-012
A019,A019-AG,A019-AG-013
A019,A019-AG,A019-AG-021
A019,A019-AG,A019-AG-022
A019,A019-AG,A019-AG-023
A019,A019-AG,A019-AG-031
A019,A019-AG,A019-AG-032
A019,A019-AG,A019-AG-033
A019,A019-AG,A019-AG-041
A019,A019-AG,A019-AG-042
A019,A019-AG,A019-AG-043
A019,A019-AG,A019-AG-051
A019,A019-AG,A019-AG-052
A019,A019-AG,A019-AG-053
A019,A019-AH,A019-AH-001
A019,A019-AH,A019-AH-002
A019,A019-AH,A019-AH-003
A019,A019-AH,A019-AH-011
A019,A019-AH,A019-AH-012
A019,A019-AH,A019-AH-013
A019,A019-AH,A019-AH-021
A019,A019-AH,A019-AH-022
A019,A019-AH,A019-AH-023
A019,A019-AH,A019-AH-031
A019,A019-AH,A019-AH-032
A019,A019-AH,A019-AH-033
A019,A019-AH,A019-AH-041
A019,A019-AH,A019-AH-042
A019,A019-AH,A019-AH-043
A019,A019-AH,A019-AH-051
A019,A019-AH,A019-AH-052
A019,A019-AH,A019-AH-053
A019,A019-AI,A019-AI-001
A019,A019-AI,A019-AI-002
A019,A019-AI,A019-AI-003
A019,A019-AI,A019-AI-011
A019,A019-AI,A019-AI-012
A019,A019-AI,A019-AI-013
A019,A019-AI,A019-AI-021
A019,A019-AI,A019-AI-022
A019,A019-AI,A019-AI-023
A019,A019-AI,A019-AI-031
A019,A019-AI,A019-AI-032
A019,A019-AI,A019-AI-033
A019,A019-AI,A019-AI-041
A019,A019-AI,A019-AI-042
A019,A019-AI,A019-AI-043
A019,A019-AI,A019-AI-051
A019,A019-AI,A019-AI-052
A019,A019-AI,A019-AI-053
A019,A019-AJ,A019-AJ-001
A019,A019-AJ,A019-AJ-002
A019,A019-AJ,A019-AJ-003
A019,A019-AJ,A019-AJ-011
A019,A019-AJ,A019-AJ-012
A019,A019-AJ,A019-AJ-013
A019,A019-AJ,A019-AJ-021
A019,A019-AJ,A019-AJ-022
A019,A019-AJ,A019-AJ-023
A019,A019-AJ,A019-AJ-031
A019,A019-AJ,A019-AJ-032
A019,A019-AJ,A019-AJ-033
A019,A019-AJ,A019-AJ-041
A019,A019-AJ,A019-AJ-042
A019,A019-AJ,A019-AJ-043
A019,A019-AJ,A019-AJ-051
A019,A019-AJ,A019-AJ-052
A019,A019-AJ,A019-AJ-053
A020,A020-AA,A020-AA-001
A020,A020-AA,A020-AA-002
A020,A020-AA,A020-AA-003
A020,A020-AA,A020-AA-011
A020,A020-AA,A020-AA-012
A020,A020-AA,A020-AA-013
A020,A020-AA,A020-AA-021
A020,A020-AA,A020-AA-022
A020,A020-AA,A020-AA-023
A020,A020-AA,A020-AA-031
A020,A020-AA,A020-AA-032
A020,A020-AA,A020-AA-033
A020,A020-AA,A020-AA-041
A020,A020-AA,A020-AA-042
A020,A020-AA,A020-AA-043
A020,A020-AA,A020-AA-051
A020,A020-AA,A020-AA-052
A020,A020-AA,A020-AA-053
A020,A020-AB,A020-AB-001
A020,A020-AB,A020-AB-002
A020,A020-AB,A020-AB-003
A020,A020-AB,A020-AB-011
A020,A020-AB,A020-AB-012
A020,A020-AB,A020-AB-013
A020,A020-AB,A020-AB-021
A020,A020-AB,A020-AB-022
A020,A020-AB,A020-AB-023
A020,A020-AB,A020-AB-031
A020,A020-AB,A020-AB-032
A020,A020-AB,A020-AB-033
A020,A020-AB,A020-AB-041
A020,A020-AB,A020-AB-042
A020,A020-AB,A020-AB-043
A020,A020-AB,A020-AB-051
A020,A020-AB,A020-AB-052
A020,A020-AB,A020-AB-053
A020,A020-AC,A020-AC-001
A020,A020-AC,A020-AC-002
A020,A020-AC,A020-AC-003
A020,A020-AC,A020-AC-011
A020,A020-AC,A020-AC-012
A020,A020-AC,A020-AC-013
A020,A020-AC,A020-AC-021
A020,A020-AC,A020-AC-022
A020,A020-AC,A020-AC-023
A020,A020-AC,A020-AC-031
A020,A020-AC,A020-AC-032
A020,A020-AC,A020-AC-033
A020,A020-AC,A020-AC-041
A020,A020-AC,A020-AC-042
A020,A020-AC,A020-AC-043
A020,A020-AC,A020-AC-051
A020,A020-AC,A020-AC-052
A020,A020-AC,A020-AC-053
A020,A020-AD,A020-AD-001
A020,A020-AD,A020-AD-002
A020,A020-AD,A020-AD-003
A020,A020-AD,A020-AD-011
A020,A020-AD,A020-AD-012
A020,A020-AD,A020-AD-013
A020,A020-AD,A020-AD-021
A020,A020-AD,A020-AD-022
A020,A020-AD,A020-AD-023
A020,A020-AD,A020-AD-031
A020,A020-AD,A020-AD-032
A020,A020-AD,A020-AD-033
A020,A020-AD,A020-AD-041
A020,A020-AD,A020-AD-042
A020,A020-AD,A020-AD-043
A020,A020-AD,A020-AD-051
A020,A020-AD,A020-AD-052
A020,A020-AD,A020-AD-053
A020,A020-AE,A020-AE-001
A020,A020-AE,A020-AE-002
A020,A020-AE,A020-AE-003
A020,A020-AE,A020-AE-011
A020,A020-AE,A020-AE-012
A020,A020-AE,A020-AE-013
A020,A020-AE,A020-AE-021
A020,A020-AE,A020-AE-022
A020,A020-AE,A020-AE-023
A020,A020-AE,A020-AE-031
A020,A020-AE,A020-AE-032
A020,A020-AE,A020-AE-033
A020,A020-AE,A020-AE-041
A020,A020-AE,A020-AE-042
A020,A020-AE,A020-AE-043
A020,A020-AE,A020-AE-051
A020,A020-AE,A020-AE-052
A020,A020-AE,A020-AE-053
A020,A020-AF,A020-AF-001
A020,A020-AF,A020-AF-002
A020,A020-AF,A020-AF-003
A020,A020-AF,A020-AF-011
A020,A020-AF,A020-AF-012
A020,A020-AF,A020-AF-013
A020,A020-AF,A020-AF-021
A020,A020-AF,A020-AF-022
A020,A020-AF,A020-AF-023
A020,A020-AF,A020-AF-031
A020,A020-AF,A020-AF-032
A020,A020-AF,A020-AF-033
A020,A020-AF,A020-AF-041
A020,A020-AF,A020-AF-042
A020,A020-AF,A020-AF-043
A020,A020-AF,A020-AF-051
A020,A020-AF,A020-AF-052
A020,A020-AF,A020-AF-053
A020,A020-AG,A020-AG-001
A020,A020-AG,A020-AG-002
A020,A020-AG,A020-AG-003
A020,A020-AG,A020-AG-011
A020,A020-AG,A020-AG-012
A020,A020-AG,A020-AG-013
A020,A020-AG,A020-AG-021
A020,A020-AG,A020-AG-022
A020,A020-AG,A020-AG-023
A020,A020-AG,A020-AG-031
A020,A020-AG,A020-AG-032
A020,A020-AG,A020-AG-033
A020,A020-AG,A020-AG-041
A020,A020-AG,A020-AG-042
A020,A020-AG,A020-AG-043
A020,A020-AG,A020-AG-051
A020,A020-AG,A020-AG-052
A020,A020-AG,A020-AG-053
A020,A020-AH,A020-AH-001
A020,A020-AH,A020-AH-002
A020,A020-AH,A020-AH-003
A020,A020-AH,A020-AH-011
A020,A020-AH,A020-AH-012
A020,A020-AH,A020-AH-013
A020,A020-AH,A020-AH-021
A020,A020-AH,A020-AH-022
A020,A020-AH,A020-AH-023
A020,A020-AH,A020-AH-031
A020,A020-AH,A020-AH-032
A020,A020-AH,A020-AH-033
A020,A020-AH,A020-AH-041
A020,A020-AH,A020-AH-042
A020,A020-AH,A020-AH-043
A020,A020-AH,A020-AH-051
A020,A020-AH,A020-AH-052
A020,A020-AH,A020-AH-053
A020,A020-AI,A020-AI-001
A020,A020-AI,A020-AI-002
A020,A020-AI,A020-AI-003
A020,A020-AI,A020-AI-011
A020,A020-AI,A020-AI-012
A020,A020-AI,A020-AI-013
A020,A020-AI,A020-AI-021
A020,A020-AI,A020-AI-022
A020,A020-AI,A020-AI-023
A020,A020-AI,A020-AI-031
A020,A020-AI,A020-AI-032
A020,A020-AI,A020-AI-033
A020,A020-AI,A020-AI-041
A020,A020-AI,A020-AI-042
A020,A020-AI,A020-AI-043
A020,A020-AI,A020-AI-051
A020,A020-AI,A020-AI-052
A020,A020-AI,A020-AI-053
A020,A020-AJ,A020-AJ-001
A020,A020-AJ,A020-AJ-002
A020,A020-AJ,A020-AJ-003
A020,A020-AJ,A020-AJ-011
A020,A020-AJ,A020-AJ-012
A020,A020-AJ,A020-AJ-013
A020,A020-AJ,A020-AJ-021
A020,A020-AJ,A020-AJ-022
A020,A020-AJ,A020-AJ-023
A020,A020-AJ,A020-AJ-031
A020,A020-AJ,A020-AJ-032
A020,A020-AJ,A020-AJ-033
A020,A020-AJ,A020-AJ-041
A020,A020-AJ,A020-AJ-042
A020,A020-AJ,A020-AJ-043
A020,A020-AJ,A020-AJ-051
A020,A020-AJ,A020-AJ-052
A020,A020-AJ,A020-AJ-053
