sku_id,tote_id,quantity
100000,A007-AH-042,6
100001,A020-AB-053,7
100002,A017-AJ-033,6
100003,A008-AI-022,7
100004,A010-AF-011,7
100005,A008-AB-013,6
100006,A012-AE-001,11
100007,A011-AF-013,4
100008,A011-AH-022,8
100009,A001-AB-003,6
100010,A020-AH-002,6
100011,A002-AE-013,12
100012,A017-AF-013,2
100013,A005-AA-023,8
100014,A003-AA-053,12
100015,A011-AA-023,5
100016,A019-AH-022,7
100017,A003-AE-042,8
100018,A006-AJ-013,6
100019,A015-AE-043,11
100020,A005-AA-042,6
100021,A006-AJ-041,8
100022,A017-AC-011,9
100023,A007-AH-043,11
100024,A018-AJ-043,5
100025,A005-AE-053,9
100026,A010-AH-021,8
100027,A010-AC-043,9
100028,A014-AI-003,8
100029,A007-AE-033,12
100030,A003-AA-002,15
100031,A006-AA-053,9
100032,A001-AJ-041,5
100033,A014-AG-023,7
100034,A013-AH-001,9
100035,A013-AE-051,6
100036,A017-AH-043,9
100037,A007-AE-043,5
100038,A020-AB-021,2
100039,A005-AF-023,8
100040,A014-AG-012,8
100041,A019-AE-001,6
100042,A010-AC-002,9
100043,A019-AB-053,3
100044,A009-AG-011,5
100045,A015-AB-022,13
100046,A017-AF-003,12
100047,A003-AJ-021,10
100048,A014-AD-033,7
100049,A008-AF-023,6
100050,A015-AA-021,5
100051,A001-AB-002,9
100052,A016-AB-023,6
100053,A017-AB-003,4
100054,A010-AF-013,8
100055,A009-AB-002,9
100056,A002-AD-012,10
100057,A011-AC-023,8
100058,A011-AA-022,13
100059,A005-AJ-011,6
100060,A011-AB-041,15
100061,A008-AB-012,8
100062,A014-AF-052,10
100063,A008-AA-002,5
100064,A002-AB-023,12
100065,A018-AD-012,9
100066,A007-AB-051,4
100067,A002-AJ-001,7
100068,A009-AF-042,4
100069,A016-AG-051,7
100070,A016-AD-052,7
100071,A020-AE-023,7
100072,A007-AB-032,8
100073,A008-AA-022,4
100074,A019-AC-003,8
100075,A012-AH-001,8
100076,A001-AI-012,6
100077,A005-AB-031,6
100078,A019-AC-023,11
100079,A016-AG-043,7
100080,A001-AB-031,6
100081,A020-AI-051,6
100082,A004-AH-003,12
100083,A005-AD-003,7
100084,A015-AH-031,11
100085,A018-AI-011,11
100086,A020-AI-003,8
100087,A009-AJ-051,7
100088,A016-AD-031,9
100089,A001-AA-001,9
100090,A019-AA-051,10
100091,A009-AC-043,13
100092,A007-AB-021,5
100093,A007-AD-043,9
100094,A018-AC-033,8
100095,A001-AE-052,7
100096,A013-AH-003,6
100097,A005-AA-011,5
100098,A011-AC-041,9
100099,A016-AC-023,6
100100,A010-AE-053,4
100101,A003-AD-003,7
100102,A012-AI-011,6
100103,A015-AC-023,3
100104,A010-AA-033,10
100105,A020-AC-032,11
100106,A019-AB-002,8
100107,A009-AJ-031,4
100108,A012-AJ-013,5
100109,A016-AD-022,11
100110,A009-AJ-003,6
100111,A006-AH-012,9
100112,A014-AD-043,7
100113,A019-AD-023,9
100114,A019-AG-011,7
100115,A003-AG-032,12
100116,A004-AJ-003,11
100117,A019-AA-033,7
100118,A005-AE-033,5
100119,A007-AF-043,7
100120,A017-AJ-023,10
100121,A002-AJ-051,10
100122,A003-AB-003,3
100123,A001-AB-042,11
100124,A010-AE-052,9
100125,A016-AH-003,9
100126,A017-AG-042,9
100127,A020-AG-053,10
100128,A015-AB-031,6
100129,A003-AC-043,10
100130,A010-AA-021,14
100131,A004-AD-023,8
100132,A019-AA-002,11
100133,A020-AD-003,7
100134,A004-AA-033,5
100135,A012-AJ-003,7
100136,A013-AF-001,9
100137,A004-AD-013,8
100138,A008-AA-042,10
100139,A015-AF-041,9
100140,A003-AB-031,9
100141,A006-AC-012,5
100142,A011-AJ-051,5
100143,A007-AJ-022,8
100144,A001-AI-002,8
100145,A002-AF-001,3
100146,A007-AD-003,4
100147,A007-AA-003,8
100148,A003-AA-011,9
100149,A016-AE-012,8
100150,A012-AB-013,8
100151,A020-AA-052,9
100152,A019-AA-041,7
100153,A016-AA-013,11
100154,A005-AE-023,10
100155,A014-AE-053,10
100156,A001-AD-042,9
100157,A007-AG-031,6
100158,A003-AA-013,5
100159,A009-AI-002,9
100160,A008-AC-003,6
100161,A020-AH-052,5
100162,A017-AG-021,8
100163,A019-AB-043,9
100164,A019-AE-021,12
100165,A020-AC-023,8
100166,A014-AC-033,14
100167,A013-AD-043,3
100168,A006-AB-033,6
100169,A011-AG-011,8
100170,A008-AC-033,10
100171,A004-AJ-023,4
100172,A005-AE-013,6
100173,A013-AA-012,9
100174,A012-AC-022,7
100175,A020-AI-042,11
100176,A006-AA-032,11
100177,A020-AE-052,8
100178,A013-AD-041,10
100179,A002-AH-042,8
100180,A009-AF-023,5
100181,A010-AD-021,5
100182,A007-AG-003,12
100183,A010-AG-033,7
100184,A019-AA-031,13
100185,A020-AJ-043,6
100186,A012-AG-031,7
100187,A001-AA-022,12
100188,A001-AI-001,8
100189,A015-AB-041,12
100190,A020-AA-031,3
100191,A008-AJ-031,9
100192,A019-AI-051,6
100193,A016-AG-042,6
100194,A010-AJ-023,8
100195,A009-AC-012,8
100196,A009-AG-022,6
100197,A011-AB-012,5
100198,A009-AC-002,9
100199,A010-AC-032,11
100200,A005-AJ-002,7
100201,A009-AG-001,9
100202,A005-AE-031,4
100203,A018-AG-051,4
100204,A009-AI-012,6
100205,A016-AB-031,4
100206,A002-AF-013,10
100207,A001-AF-002,10
100208,A003-AC-011,9
100209,A014-AE-031,15
100210,A016-AG-002,7
100211,A015-AB-011,13
100212,A019-AA-013,5
100213,A016-AE-022,10
100214,A001-AE-002,7
100215,A020-AA-023,11
100216,A012-AD-053,7
100217,A002-AF-003,10
100218,A005-AF-053,9
100219,A001-AJ-011,12
100220,A004-AD-002,5
100221,A009-AA-043,6
100222,A020-AC-053,8
100223,A014-AA-042,11
100224,A014-AI-052,5
100225,A020-AI-041,6
100226,A006-AE-012,7
100227,A004-AB-031,10
100228,A010-AE-023,7
100229,A004-AE-011,8
100230,A012-AJ-022,9
100231,A015-AC-053,7
100232,A019-AF-051,7
100233,A001-AC-001,8
100234,A006-AH-033,11
100235,A019-AG-053,12
100236,A011-AI-042,8
100237,A019-AE-051,11
100238,A006-AI-003,5
100239,A004-AF-023,10
100240,A004-AA-013,9
100241,A004-AB-051,9
100242,A008-AI-051,7
100243,A017-AJ-012,9
100244,A001-AB-011,12
100245,A002-AH-051,7
100246,A003-AJ-013,10
100247,A004-AC-012,7
100248,A005-AC-002,4
100249,A016-AE-052,9
100250,A005-AG-022,4
100251,A004-AG-051,7
100252,A005-AD-022,15
100253,A001-AC-023,10
100254,A020-AF-031,5
100255,A018-AC-003,7
100256,A012-AA-002,3
100257,A005-AE-021,3
100258,A013-AH-012,8
100259,A014-AA-051,9
100260,A018-AI-003,8
100261,A019-AJ-033,4
100262,A012-AG-052,6
100263,A020-AD-041,7
100264,A018-AG-011,7
100265,A011-AJ-012,4
100266,A010-AD-012,5
100267,A003-AD-001,13
100268,A014-AC-051,11
100269,A016-AC-001,4
100270,A019-AF-002,8
100271,A008-AG-011,6
100272,A001-AH-052,4
100273,A002-AH-021,5
100274,A012-AD-002,12
100275,A019-AI-002,9
100276,A002-AB-002,7
100277,A009-AI-052,11
100278,A013-AA-033,10
100279,A019-AJ-051,11
100280,A019-AJ-001,13
100281,A003-AE-052,9
100282,A019-AC-051,7
100283,A020-AF-033,5
100284,A008-AE-051,8
100285,A006-AC-032,9
100286,A017-AE-031,6
100287,A009-AA-022,7
100288,A002-AC-003,7
100289,A017-AD-032,10
100290,A018-AG-002,10
100291,A001-AE-031,6
100292,A007-AG-033,4
100293,A015-AG-021,4
100294,A018-AF-013,4
100295,A014-AG-052,9
100296,A003-AJ-031,7
100297,A010-AJ-032,11
100298,A018-AI-001,8
100299,A008-AE-031,12
100300,A020-AB-032,10
100301,A019-AH-011,4
100302,A012-AD-013,3
100303,A014-AJ-031,5
100304,A008-AD-051,10
100305,A005-AA-032,5
100306,A013-AG-052,4
100307,A017-AB-001,10
100308,A015-AE-011,6
100309,A002-AH-032,10
100310,A012-AH-023,11
100311,A006-AE-011,5
100312,A018-AG-041,8
100313,A018-AF-002,6
100314,A009-AI-011,9
100315,A012-AB-023,11
100316,A019-AF-003,13
100317,A001-AE-001,4
100318,A008-AD-023,8
100319,A008-AF-043,5
100320,A004-AB-032,11
100321,A018-AF-022,8
100322,A020-AE-041,3
100323,A007-AE-053,10
100324,A004-AE-052,12
100325,A013-AI-052,7
100326,A015-AI-002,8
100327,A011-AB-002,2
100328,A010-AD-022,6
100329,A005-AC-032,2
100330,A017-AE-011,11
100331,A008-AE-053,11
100332,A019-AE-041,8
100333,A004-AG-033,14
100334,A005-AG-043,13
100335,A018-AG-031,2
100336,A017-AG-033,12
100337,A010-AD-053,7
100338,A017-AH-003,9
100339,A008-AF-041,6
100340,A013-AH-002,8
100341,A015-AG-011,9
100342,A017-AF-053,7
100343,A016-AD-021,8
100344,A012-AJ-001,6
100345,A010-AJ-022,7
100346,A002-AB-021,10
100347,A008-AI-052,9
100348,A002-AJ-012,9
100349,A012-AJ-051,2
100350,A004-AI-001,6
100351,A006-AA-041,9
100352,A017-AB-021,4
100353,A015-AG-001,13
100354,A016-AF-042,8
100355,A003-AH-053,11
100356,A016-AI-001,6
100357,A002-AI-041,8
100358,A018-AG-042,7
100359,A001-AD-002,11
100360,A006-AE-042,8
100361,A005-AH-051,11
100362,A005-AH-053,2
100363,A003-AJ-023,5
100364,A018-AE-003,5
100365,A014-AF-011,6
100366,A007-AG-032,12
100367,A018-AI-021,5
100368,A013-AB-021,7
100369,A003-AB-043,7
100370,A002-AE-022,13
100371,A008-AE-043,9
100372,A017-AH-053,8
100373,A017-AD-012,8
100374,A014-AB-031,4
100375,A011-AA-001,10
100376,A014-AB-012,13
100377,A019-AJ-023,6
100378,A005-AG-052,9
100379,A009-AI-032,9
100380,A003-AA-021,9
100381,A020-AG-012,3
100382,A016-AJ-031,8
100383,A009-AG-013,9
100384,A001-AG-051,7
100385,A015-AH-043,6
100386,A020-AJ-023,4
100387,A004-AI-043,16
100388,A010-AD-051,11
100389,A011-AJ-002,9
100390,A007-AC-021,7
100391,A001-AB-053,13
100392,A016-AH-053,4
100393,A018-AH-031,10
100394,A015-AJ-042,8
100395,A017-AH-013,8
100396,A006-AD-032,5
100397,A009-AF-043,9
100398,A013-AC-043,5
100399,A003-AI-002,6
100400,A012-AI-012,8
100401,A006-AI-031,5
100402,A009-AJ-002,13
100403,A013-AJ-032,11
100404,A018-AE-023,9
100405,A015-AF-021,6
100406,A018-AE-011,9
100407,A016-AD-043,9
100408,A013-AB-032,3
100409,A015-AB-001,7
100410,A002-AB-011,8
100411,A013-AC-053,8
100412,A006-AJ-031,7
100413,A019-AB-052,6
100414,A014-AH-003,5
100415,A010-AB-001,10
100416,A008-AJ-013,5
100417,A009-AJ-042,8
100418,A015-AE-042,8
100419,A020-AE-012,8
100420,A020-AI-011,6
100421,A019-AJ-041,8
100422,A007-AJ-032,7
100423,A006-AF-053,10
100424,A012-AE-043,7
100425,A014-AA-023,8
100426,A001-AI-052,9
100427,A012-AE-023,8
100428,A018-AC-052,6
100429,A011-AH-051,9
100430,A014-AE-013,7
100431,A014-AJ-053,8
100432,A017-AG-022,11
100433,A003-AF-002,7
100434,A009-AC-011,9
100435,A002-AI-031,8
100436,A007-AC-031,6
100437,A012-AF-002,6
100438,A015-AB-003,14
100439,A014-AA-043,12
100440,A017-AE-012,5
100441,A012-AA-021,12
100442,A005-AJ-013,8
100443,A009-AE-042,7
100444,A010-AF-051,4
100445,A011-AE-053,5
100446,A016-AB-033,5
100447,A001-AJ-023,4
100448,A010-AC-013,7
100449,A019-AG-052,9
100450,A001-AI-033,7
100451,A016-AH-021,6
100452,A006-AC-042,7
100453,A018-AJ-002,4
100454,A008-AB-041,9
100455,A003-AI-052,10
100456,A002-AG-052,11
100457,A020-AG-003,11
100458,A019-AC-001,8
100459,A012-AE-031,10
100460,A011-AD-032,9
100461,A010-AJ-043,8
100462,A018-AJ-031,3
100463,A020-AH-051,5
100464,A003-AC-012,7
100465,A002-AD-042,7
100466,A006-AC-022,8
100467,A020-AI-043,5
100468,A001-AH-051,7
100469,A005-AA-022,7
100470,A011-AH-011,7
100471,A006-AI-042,7
100472,A005-AA-041,10
100473,A015-AH-011,7
100474,A006-AG-002,9
100475,A017-AB-012,7
100476,A013-AD-032,5
100477,A015-AA-001,8
100478,A014-AG-022,12
100479,A005-AF-043,4
100480,A008-AE-001,9
100481,A007-AD-011,7
100482,A002-AE-043,9
100483,A009-AB-043,10
100484,A001-AG-052,6
100485,A010-AI-022,11
100486,A020-AH-033,6
100487,A015-AC-051,9
100488,A003-AA-033,9
100489,A008-AF-002,7
100490,A006-AI-011,7
100491,A018-AJ-032,8
100492,A005-AG-012,12
100493,A005-AA-031,7
100494,A012-AE-052,4
100495,A002-AA-053,7
100496,A010-AB-031,7
100497,A007-AF-053,7
100498,A019-AB-023,5
100499,A009-AA-032,7
100500,A010-AA-013,6
100501,A019-AJ-011,7
100502,A013-AE-011,7
100503,A017-AH-033,11
100504,A006-AH-032,10
100505,A013-AH-031,8
100506,A009-AE-021,11
100507,A008-AE-011,7
100508,A008-AG-003,11
100509,A008-AH-043,4
100510,A012-AF-042,6
100511,A015-AG-031,8
100512,A013-AH-023,12
100513,A008-AE-022,6
100514,A009-AF-053,6
100515,A015-AC-041,8
100516,A019-AH-012,10
100517,A019-AC-031,9
100518,A020-AF-011,13
100519,A003-AF-013,8
100520,A012-AF-021,11
100521,A001-AA-013,10
100522,A014-AB-051,11
100523,A010-AD-002,13
100524,A009-AD-042,6
100525,A002-AI-001,12
100526,A004-AB-011,7
100527,A003-AJ-022,9
100528,A010-AA-031,5
100529,A011-AA-003,8
100530,A009-AI-041,10
100531,A006-AJ-053,9
100532,A020-AG-022,2
100533,A002-AE-001,8
100534,A007-AF-011,7
100535,A013-AJ-043,4
100536,A009-AD-021,8
100537,A002-AA-032,13
100538,A019-AG-023,5
100539,A009-AJ-021,4
100540,A003-AA-012,9
100541,A011-AI-051,4
100542,A007-AD-041,6
100543,A019-AB-021,8
100544,A002-AF-031,11
100545,A001-AB-041,8
100546,A012-AE-042,4
100547,A012-AA-043,6
100548,A015-AE-052,9
100549,A012-AG-023,9
100550,A019-AH-031,6
100551,A019-AC-013,10
100552,A004-AI-042,6
100553,A015-AJ-033,4
100554,A016-AJ-001,4
100555,A010-AE-021,8
100556,A012-AJ-042,9
100557,A015-AE-002,10
100558,A015-AB-023,13
100559,A018-AG-033,11
100560,A004-AA-042,8
100561,A012-AD-033,11
100562,A008-AI-013,1
100563,A011-AB-042,14
100564,A010-AB-002,10
100565,A010-AB-052,9
100566,A013-AG-043,10
100567,A012-AI-051,6
100568,A017-AC-051,12
100569,A014-AC-032,6
100570,A015-AI-032,11
100571,A005-AA-051,7
100572,A009-AH-043,7
100573,A007-AB-011,7
100574,A011-AI-033,3
100575,A020-AA-053,5
100576,A007-AJ-051,7
100577,A008-AJ-002,14
100578,A011-AF-052,9
100579,A012-AD-003,4
100580,A019-AI-011,12
100581,A001-AC-022,9
100582,A018-AB-052,5
100583,A009-AF-003,5
100584,A011-AD-021,7
100585,A015-AC-003,13
100586,A017-AI-022,10
100587,A010-AJ-042,10
100588,A019-AH-053,5
100589,A009-AI-043,7
100590,A009-AA-013,5
100591,A016-AD-032,11
100592,A003-AH-002,7
100593,A008-AI-032,9
100594,A014-AA-041,7
100595,A009-AJ-053,8
100596,A017-AC-041,6
100597,A001-AF-013,2
100598,A007-AE-002,6
100599,A005-AI-043,6
100600,A005-AC-021,12
100601,A002-AC-051,5
100602,A012-AG-011,5
100603,A004-AC-003,6
100604,A012-AG-033,6
100605,A006-AF-052,9
100606,A004-AF-031,12
100607,A005-AI-002,10
100608,A005-AC-053,5
100609,A009-AH-002,10
100610,A014-AF-053,12
100611,A013-AB-041,4
100612,A013-AB-043,8
100613,A002-AA-052,8
100614,A015-AH-003,7
100615,A005-AC-043,6
100616,A010-AI-031,6
100617,A001-AF-023,8
100618,A013-AB-001,9
100619,A006-AJ-042,11
100620,A007-AJ-031,11
100621,A006-AF-043,6
100622,A018-AH-033,8
100623,A020-AC-021,10
100624,A016-AB-051,6
100625,A013-AH-051,7
100626,A011-AJ-021,6
100627,A001-AA-053,8
100628,A001-AA-041,8
100629,A019-AB-003,13
100630,A004-AB-021,5
100631,A007-AF-021,9
100632,A004-AG-003,8
100633,A012-AG-001,11
100634,A003-AH-042,7
100635,A016-AB-043,8
100636,A019-AH-042,4
100637,A010-AI-043,7
100638,A009-AD-002,8
100639,A006-AE-051,12
100640,A012-AJ-043,8
100641,A014-AA-002,7
100642,A017-AH-011,9
100643,A001-AA-031,9
100644,A011-AH-031,10
100645,A001-AD-051,4
100646,A002-AD-003,5
100647,A004-AF-051,10
100648,A001-AH-043,13
100649,A005-AC-001,13
100650,A017-AH-023,7
100651,A019-AG-001,8
100652,A006-AJ-003,6
100653,A005-AG-033,10
100654,A020-AE-031,8
100655,A013-AB-042,5
100656,A007-AB-012,10
100657,A016-AI-003,13
100658,A004-AH-002,3
100659,A016-AG-052,10
100660,A020-AI-021,1
100661,A017-AA-021,5
100662,A017-AE-003,10
100663,A011-AD-003,13
100664,A011-AH-012,11
100665,A003-AH-052,6
100666,A010-AH-041,9
100667,A017-AJ-042,11
100668,A017-AJ-052,8
100669,A019-AA-001,6
100670,A008-AA-023,4
100671,A004-AB-013,10
100672,A009-AA-003,13
100673,A018-AD-032,6
100674,A018-AA-052,6
100675,A005-AH-021,8
100676,A005-AH-012,8
100677,A008-AF-022,10
100678,A013-AI-031,7
100679,A010-AE-011,8
100680,A006-AF-003,8
100681,A003-AD-042,13
100682,A014-AC-011,8
100683,A004-AD-012,6
100684,A016-AJ-051,9
100685,A008-AJ-012,6
100686,A005-AG-021,7
100687,A008-AC-023,6
100688,A018-AH-021,12
100689,A017-AC-042,4
100690,A015-AH-013,7
100691,A011-AC-012,6
100692,A002-AH-043,10
100693,A017-AJ-002,3
100694,A007-AH-012,7
100695,A008-AA-031,6
100696,A003-AG-041,7
100697,A017-AD-031,5
100698,A008-AB-042,10
100699,A015-AD-052,8
100700,A010-AD-003,6
100701,A019-AF-022,7
100702,A006-AG-031,6
100703,A015-AA-023,14
100704,A003-AA-022,9
100705,A004-AG-052,7
100706,A020-AC-031,8
100707,A013-AF-003,8
100708,A012-AI-032,12
100709,A014-AJ-042,10
100710,A015-AA-043,11
100711,A004-AB-022,9
100712,A012-AC-052,5
100713,A012-AJ-011,6
100714,A002-AB-033,8
100715,A019-AA-023,6
100716,A017-AF-033,10
100717,A011-AE-003,10
100718,A005-AA-021,7
100719,A017-AE-052,8
100720,A002-AA-043,12
100721,A012-AA-041,8
100722,A012-AC-051,8
100723,A011-AG-042,12
100724,A002-AI-052,5
100725,A016-AF-032,6
100726,A007-AB-001,9
100727,A010-AG-022,8
100728,A010-AB-023,13
100729,A008-AE-013,5
100730,A009-AH-012,8
100731,A020-AB-003,4
100732,A006-AA-012,3
100733,A001-AC-012,13
100734,A019-AI-001,6
100735,A004-AE-022,7
100736,A007-AE-013,10
100737,A012-AJ-002,7
100738,A010-AD-052,8
100739,A001-AC-052,8
100740,A015-AI-052,7
100741,A004-AA-023,8
100742,A001-AF-012,8
100743,A020-AH-011,9
100744,A008-AG-002,6
100745,A011-AC-052,8
100746,A006-AH-013,11
100747,A002-AI-043,12
100748,A018-AD-041,7
100749,A015-AA-051,9
100750,A012-AJ-023,6
100751,A018-AH-041,9
100752,A016-AA-043,5
100753,A009-AB-021,13
100754,A005-AD-051,12
100755,A019-AI-031,8
100756,A003-AD-023,8
100757,A004-AB-053,5
100758,A016-AF-052,9
100759,A020-AE-042,3
100760,A012-AB-053,8
100761,A005-AA-012,10
100762,A005-AC-042,8
100763,A012-AH-031,13
100764,A020-AG-033,3
100765,A008-AH-042,9
100766,A018-AF-012,4
100767,A020-AF-053,12
100768,A014-AF-051,8
100769,A008-AJ-043,6
100770,A014-AH-022,8
100771,A014-AG-001,8
100772,A003-AD-041,7
100773,A013-AB-023,9
100774,A015-AI-011,9
100775,A003-AJ-051,6
100776,A009-AB-003,5
100777,A016-AE-013,7
100778,A017-AB-043,8
100779,A006-AA-002,8
100780,A001-AC-041,7
100781,A010-AC-011,8
100782,A004-AB-033,5
100783,A003-AE-013,12
100784,A011-AJ-013,7
100785,A020-AJ-013,10
100786,A010-AG-053,5
100787,A020-AE-051,8
100788,A009-AD-013,6
100789,A013-AI-013,6
100790,A016-AH-033,11
100791,A011-AI-043,10
100792,A012-AJ-053,9
100793,A003-AD-031,9
100794,A016-AH-032,9
100795,A017-AJ-051,5
100796,A008-AG-042,11
100797,A001-AI-003,7
100798,A017-AJ-011,6
100799,A002-AD-023,5
100800,A010-AD-033,10
100801,A009-AD-003,8
100802,A012-AD-042,10
100803,A010-AH-042,9
100804,A007-AC-033,10
100805,A008-AA-012,9
100806,A007-AB-042,9
100807,A009-AD-043,11
100808,A020-AD-023,10
100809,A002-AG-023,7
100810,A019-AD-053,9
100811,A001-AH-053,9
100812,A017-AF-022,2
100813,A005-AE-003,11
100814,A007-AD-053,9
100815,A014-AH-052,5
100816,A013-AE-031,2
100817,A018-AJ-023,6
100818,A020-AB-002,6
100819,A008-AH-051,6
100820,A001-AC-031,8
100821,A014-AI-023,7
100822,A008-AB-011,7
100823,A001-AC-042,6
100824,A018-AH-052,8
100825,A017-AD-022,9
100826,A013-AJ-021,8
100827,A006-AD-013,7
100828,A014-AI-043,12
100829,A016-AB-022,8
100830,A020-AC-052,6
100831,A001-AD-043,9
100832,A013-AD-002,7
100833,A015-AD-051,8
100834,A007-AI-052,9
100835,A005-AJ-021,7
100836,A006-AF-001,7
100837,A003-AD-051,6
100838,A007-AA-031,7
100839,A006-AB-031,10
100840,A006-AF-011,10
100841,A017-AG-041,7
100842,A005-AD-031,10
100843,A014-AB-023,6
100844,A011-AB-031,8
100845,A007-AD-051,7
100846,A012-AH-052,7
100847,A012-AG-032,8
100848,A020-AA-002,9
100849,A015-AB-051,9
100850,A012-AA-051,10
100851,A005-AG-051,7
100852,A010-AJ-051,4
100853,A004-AA-012,6
100854,A003-AE-003,7
100855,A004-AA-053,6
100856,A005-AA-052,10
100857,A016-AG-041,7
100858,A014-AI-013,15
100859,A015-AG-023,5
100860,A001-AB-013,5
100861,A005-AD-001,6
100862,A006-AA-023,8
100863,A005-AH-023,13
100864,A002-AC-041,8
100865,A017-AA-052,6
100866,A020-AJ-002,13
100867,A010-AE-002,5
100868,A008-AE-052,7
100869,A006-AE-002,6
100870,A002-AA-003,6
100871,A020-AC-002,7
100872,A008-AI-003,8
100873,A012-AB-043,6
100874,A014-AA-022,9
100875,A004-AA-041,7
100876,A010-AG-041,6
100877,A019-AE-003,6
100878,A007-AG-052,6
100879,A003-AB-021,5
100880,A020-AH-053,7
100881,A014-AB-032,4
100882,A014-AB-002,12
100883,A009-AI-053,6
100884,A003-AD-052,10
100885,A020-AA-022,4
100886,A012-AE-032,8
100887,A004-AG-023,2
100888,A009-AB-011,6
100889,A012-AJ-012,9
100890,A014-AE-033,6
100891,A007-AJ-043,10
100892,A012-AD-023,6
100893,A002-AG-013,8
100894,A018-AF-003,3
100895,A018-AB-042,5
100896,A015-AJ-012,11
100897,A001-AD-022,9
100898,A004-AA-043,7
100899,A001-AD-033,8
100900,A014-AA-032,4
100901,A002-AJ-032,12
100902,A003-AE-002,11
100903,A001-AC-032,6
100904,A018-AD-001,9
100905,A018-AE-001,14
100906,A009-AF-031,8
100907,A011-AC-021,8
100908,A009-AJ-013,6
100909,A018-AH-013,8
100910,A013-AB-002,6
100911,A018-AC-022,11
100912,A017-AC-023,5
100913,A019-AJ-002,12
100914,A008-AE-002,9
100915,A005-AF-052,11
100916,A020-AG-032,6
100917,A017-AH-052,9
100918,A014-AJ-032,9
100919,A001-AD-013,9
100920,A020-AF-021,9
100921,A015-AF-032,7
100922,A013-AD-053,5
100923,A007-AB-031,2
100924,A001-AH-031,9
100925,A014-AG-031,6
100926,A014-AG-043,7
100927,A012-AB-003,4
100928,A019-AJ-032,9
100929,A016-AH-013,8
100930,A010-AG-051,10
100931,A009-AF-021,9
100932,A017-AE-021,9
100933,A004-AD-011,2
100934,A015-AJ-022,6
100935,A009-AD-031,7
100936,A006-AD-041,7
100937,A001-AG-033,9
100938,A003-AF-003,6
100939,A019-AF-032,6
100940,A005-AI-032,10
100941,A020-AD-032,10
100942,A016-AD-001,12
100943,A014-AH-042,8
100944,A004-AA-031,5
100945,A008-AD-001,8
100946,A012-AB-051,8
100947,A014-AD-022,8
100948,A016-AA-001,14
100949,A007-AC-013,2
100950,A017-AH-021,7
100951,A019-AJ-053,7
100952,A001-AG-021,5
100953,A020-AI-013,7
100954,A006-AI-012,8
100955,A019-AJ-031,8
100956,A017-AB-011,12
100957,A015-AA-012,4
100958,A004-AA-001,6
100959,A003-AF-022,8
100960,A020-AI-033,9
100961,A016-AF-001,6
100962,A007-AH-023,11
100963,A012-AH-043,6
100964,A015-AB-052,9
100965,A019-AI-043,12
100966,A017-AJ-003,7
100967,A002-AE-002,14
100968,A015-AE-032,6
100969,A007-AI-053,9
100970,A007-AE-011,8
100971,A014-AE-001,10
100972,A005-AF-033,9
100973,A018-AE-043,5
100974,A005-AD-002,7
100975,A011-AD-041,10
100976,A006-AB-052,6
100977,A009-AH-023,7
100978,A004-AJ-052,8
100979,A003-AD-033,6
100980,A009-AE-023,5
100981,A019-AI-022,7
100982,A011-AI-012,4
100983,A013-AB-003,12
100984,A011-AJ-001,12
100985,A010-AF-042,9
100986,A013-AH-043,7
100987,A019-AF-012,5
100988,A008-AG-041,5
100989,A002-AC-032,7
100990,A004-AE-053,6
100991,A003-AA-052,7
100992,A007-AE-042,9
100993,A007-AJ-002,8
100994,A020-AD-012,6
100995,A008-AI-041,9
100996,A001-AG-041,8
100997,A015-AB-002,5
100998,A002-AH-041,9
100999,A015-AH-053,6
101000,A017-AC-002,8
101001,A009-AA-041,6
101002,A006-AA-052,7
101003,A010-AF-003,8
101004,A003-AI-032,5
101005,A004-AJ-001,8
101006,A003-AD-002,5
101007,A009-AD-023,9
101008,A009-AA-053,11
101009,A016-AC-052,8
101010,A010-AJ-053,6
101011,A004-AH-053,11
101012,A019-AI-021,7
101013,A012-AG-042,10
101014,A015-AI-012,8
101015,A003-AA-023,9
101016,A020-AE-001,7
101017,A008-AB-033,7
101018,A013-AC-012,12
101019,A012-AF-051,3
101020,A008-AI-002,6
101021,A009-AJ-022,9
101022,A011-AG-013,8
101023,A011-AB-032,8
101024,A009-AE-003,7
101025,A020-AJ-033,9
101026,A010-AC-041,11
101027,A019-AC-052,8
101028,A003-AJ-041,7
101029,A019-AJ-013,8
101030,A008-AA-032,15
101031,A004-AG-043,14
101032,A018-AD-052,10
101033,A002-AF-053,6
101034,A018-AD-033,13
101035,A002-AA-051,4
101036,A007-AI-022,4
101037,A013-AA-032,7
101038,A015-AE-012,10
101039,A019-AD-051,13
101040,A005-AG-003,6
101041,A012-AC-033,10
101042,A017-AC-003,5
101043,A013-AE-033,11
101044,A004-AI-021,6
101045,A001-AB-032,8
101046,A006-AJ-012,4
101047,A003-AJ-012,8
101048,A006-AC-011,9
101049,A014-AA-021,11
101050,A004-AH-033,8
101051,A002-AC-043,8
101052,A003-AB-052,9
101053,A010-AD-032,13
101054,A006-AD-012,10
101055,A007-AH-051,9
101056,A015-AI-023,8
101057,A008-AH-041,7
101058,A006-AB-041,12
101059,A017-AG-043,2
101060,A011-AE-002,6
101061,A015-AF-011,6
101062,A013-AD-012,6
101063,A001-AB-001,13
101064,A007-AI-013,6
101065,A012-AA-052,6
101066,A010-AJ-031,9
101067,A006-AG-021,8
101068,A014-AJ-023,14
101069,A016-AD-041,6
101070,A014-AI-031,4
101071,A020-AF-041,9
101072,A014-AD-041,7
101073,A001-AE-012,8
101074,A013-AE-043,8
101075,A002-AA-011,10
101076,A001-AG-042,6
101077,A008-AJ-021,4
101078,A014-AI-002,10
101079,A004-AC-041,10
101080,A009-AF-052,5
101081,A020-AA-043,7
101082,A011-AD-042,8
101083,A014-AH-031,4
101084,A008-AC-021,7
101085,A010-AB-021,12
101086,A007-AB-003,8
101087,A014-AJ-041,6
101088,A010-AB-043,5
101089,A016-AH-022,8
101090,A005-AH-001,9
101091,A017-AC-031,4
101092,A018-AG-022,9
101093,A003-AG-023,6
101094,A003-AF-041,11
101095,A020-AJ-021,9
101096,A007-AJ-013,8
101097,A015-AG-002,8
101098,A003-AH-012,7
101099,A015-AG-032,7
101100,A011-AC-043,7
101101,A004-AA-052,7
101102,A013-AE-032,12
101103,A017-AF-032,11
101104,A020-AF-013,7
101105,A010-AI-041,4
101106,A006-AE-031,14
101107,A019-AG-043,10
101108,A011-AG-002,11
101109,A004-AJ-022,5
101110,A012-AH-033,13
101111,A007-AC-012,8
101112,A009-AC-041,5
101113,A016-AE-001,7
101114,A010-AF-033,8
101115,A017-AH-051,10
101116,A005-AE-052,5
101117,A013-AD-011,5
101118,A017-AH-001,4
101119,A018-AC-012,5
101120,A004-AC-042,12
101121,A015-AF-001,2
101122,A013-AB-053,7
101123,A015-AD-021,9
101124,A016-AA-042,9
101125,A006-AF-033,7
101126,A007-AD-042,10
101127,A017-AC-032,8
101128,A008-AI-011,10
101129,A003-AF-032,10
101130,A017-AA-042,3
101131,A020-AC-003,4
101132,A003-AI-001,7
101133,A010-AI-023,7
101134,A017-AB-022,8
101135,A007-AI-041,4
101136,A012-AD-041,9
101137,A009-AG-052,13
101138,A004-AI-053,8
101139,A007-AA-033,9
101140,A013-AA-001,10
101141,A016-AB-011,5
101142,A014-AF-002,6
101143,A010-AH-012,5
101144,A008-AG-051,10
101145,A017-AA-023,7
101146,A012-AA-033,9
101147,A012-AH-003,11
101148,A017-AG-051,7
101149,A016-AC-041,8
101150,A018-AF-011,9
101151,A006-AD-033,9
101152,A006-AH-002,5
101153,A020-AB-052,10
101154,A014-AC-012,8
101155,A005-AG-053,11
101156,A002-AH-012,8
101157,A010-AE-042,5
101158,A004-AF-041,9
101159,A012-AD-043,9
101160,A019-AA-042,9
101161,A003-AB-041,5
101162,A002-AC-031,10
101163,A015-AG-043,10
101164,A003-AH-032,9
101165,A011-AI-011,8
101166,A012-AC-031,8
101167,A011-AC-033,10
101168,A012-AI-001,10
101169,A006-AE-033,3
101170,A013-AB-051,14
101171,A012-AE-012,11
101172,A004-AA-011,8
101173,A013-AJ-001,8
101174,A010-AD-001,8
101175,A014-AG-021,9
101176,A014-AE-012,12
101177,A002-AC-023,13
101178,A004-AH-041,11
101179,A005-AB-052,7
101180,A001-AB-052,7
101181,A006-AE-001,5
101182,A004-AE-002,6
101183,A007-AE-001,3
101184,A020-AJ-041,9
101185,A018-AJ-051,13
101186,A017-AH-041,7
101187,A011-AE-041,7
101188,A004-AI-012,11
101189,A004-AE-001,6
101190,A005-AE-041,9
101191,A012-AI-023,13
101192,A010-AC-021,11
101193,A010-AF-002,11
101194,A017-AG-053,8
101195,A009-AF-041,12
101196,A002-AG-053,12
101197,A015-AE-022,15
101198,A012-AF-011,4
101199,A006-AD-052,6
101200,A019-AB-032,5
101201,A014-AC-001,8
101202,A016-AF-041,10
101203,A017-AF-023,7
101204,A001-AE-032,7
101205,A020-AB-013,3
101206,A013-AH-021,10
101207,A006-AH-052,9
101208,A003-AC-033,8
101209,A002-AG-022,9
101210,A005-AB-032,7
101211,A019-AE-042,7
101212,A018-AC-011,10
101213,A009-AH-053,6
101214,A005-AE-043,6
101215,A016-AC-033,8
101216,A016-AJ-023,11
101217,A002-AD-031,8
101218,A019-AG-033,11
101219,A009-AC-052,8
101220,A020-AA-051,10
101221,A006-AH-021,6
101222,A009-AE-041,8
101223,A020-AE-021,7
101224,A004-AC-051,7
101225,A018-AD-023,3
101226,A017-AI-013,11
101227,A013-AE-042,7
101228,A009-AH-022,6
101229,A018-AF-033,11
101230,A001-AF-043,2
101231,A011-AJ-041,7
101232,A001-AF-003,9
101233,A013-AA-023,8
101234,A005-AF-051,12
101235,A005-AB-033,6
101236,A013-AH-013,13
101237,A012-AI-003,11
101238,A014-AD-021,12
101239,A002-AC-012,4
101240,A001-AA-052,14
101241,A016-AB-021,4
101242,A009-AF-012,12
101243,A018-AJ-053,5
101244,A014-AA-011,6
101245,A006-AG-013,12
101246,A013-AG-031,9
101247,A010-AA-011,10
101248,A001-AF-031,9
101249,A009-AC-033,8
101250,A007-AG-021,11
101251,A003-AE-023,7
101252,A020-AA-032,10
101253,A010-AA-003,7
101254,A006-AH-031,16
101255,A005-AE-042,7
101256,A011-AE-051,12
101257,A020-AA-011,5
101258,A013-AD-051,7
101259,A004-AF-002,11
101260,A006-AG-042,8
101261,A014-AD-053,11
101262,A008-AB-031,6
101263,A017-AB-052,9
101264,A020-AF-023,7
101265,A003-AB-032,5
101266,A014-AJ-051,8
101267,A007-AF-042,4
101268,A016-AE-002,4
101269,A009-AB-052,4
101270,A003-AI-012,12
101271,A005-AH-032,6
101272,A013-AA-011,9
101273,A005-AD-041,8
101274,A008-AI-021,4
101275,A001-AF-042,10
101276,A002-AB-001,13
101277,A002-AG-001,7
101278,A013-AA-042,6
101279,A019-AD-001,11
101280,A004-AA-022,6
101281,A002-AD-052,8
101282,A006-AD-002,6
101283,A009-AJ-032,13
101284,A011-AB-043,7
101285,A002-AC-002,5
101286,A008-AJ-042,8
101287,A006-AI-032,5
101288,A015-AH-042,12
101289,A020-AJ-053,11
101290,A016-AF-002,11
101291,A004-AJ-013,8
101292,A020-AH-042,5
101293,A004-AF-032,9
101294,A009-AJ-023,12
101295,A007-AJ-001,14
101296,A015-AG-003,4
101297,A016-AD-013,6
101298,A009-AG-033,11
101299,A006-AF-002,9
101300,A015-AD-041,10
101301,A009-AE-033,5
101302,A014-AA-031,4
101303,A020-AJ-001,5
101304,A001-AI-013,8
101305,A006-AB-032,12
101306,A004-AD-051,6
101307,A019-AC-041,16
101308,A003-AH-051,5
101309,A006-AE-053,7
101310,A004-AE-021,10
101311,A004-AC-053,7
101312,A009-AD-041,10
101313,A011-AG-022,6
101314,A006-AG-033,8
101315,A014-AC-053,10
101316,A018-AI-013,5
101317,A010-AH-022,6
101318,A009-AJ-001,10
101319,A007-AF-002,3
101320,A003-AD-053,1
101321,A020-AF-032,5
101322,A007-AF-033,14
101323,A018-AI-051,8
101324,A001-AF-011,7
101325,A019-AI-003,7
101326,A001-AD-012,11
101327,A020-AA-021,8
101328,A011-AH-003,2
101329,A004-AI-022,14
101330,A009-AB-001,9
101331,A008-AB-001,5
101332,A015-AJ-043,11
101333,A010-AH-011,7
101334,A007-AG-002,6
101335,A007-AH-021,9
101336,A002-AJ-011,9
101337,A008-AC-052,7
101338,A008-AF-042,5
101339,A017-AH-031,6
101340,A018-AA-022,7
101341,A007-AJ-052,13
101342,A011-AF-053,7
101343,A012-AI-022,8
101344,A020-AH-013,2
101345,A009-AC-023,8
101346,A007-AC-041,4
101347,A008-AC-012,10
101348,A003-AC-021,11
101349,A003-AI-031,7
101350,A016-AE-021,11
101351,A011-AB-013,10
101352,A006-AJ-001,11
101353,A004-AJ-021,12
101354,A003-AF-033,7
101355,A004-AG-041,7
101356,A015-AE-041,8
101357,A002-AI-042,10
101358,A004-AE-032,11
101359,A016-AE-042,10
101360,A017-AA-051,9
101361,A009-AE-052,3
101362,A017-AI-043,7
101363,A010-AE-051,3
101364,A015-AH-033,10
101365,A015-AF-052,7
101366,A020-AB-012,6
101367,A007-AG-051,11
101368,A008-AC-043,7
101369,A009-AB-053,12
101370,A019-AF-013,4
101371,A004-AJ-011,8
101372,A006-AI-051,8
101373,A013-AC-022,4
101374,A020-AE-043,11
101375,A008-AG-033,7
101376,A014-AJ-003,8
101377,A004-AG-002,11
101378,A002-AE-012,3
101379,A016-AC-053,10
101380,A016-AH-002,11
101381,A005-AG-032,3
101382,A013-AJ-023,10
101383,A020-AB-051,9
101384,A009-AG-031,8
101385,A009-AA-021,9
101386,A017-AF-051,7
101387,A016-AD-023,6
101388,A001-AJ-043,10
101389,A018-AF-051,12
101390,A002-AE-042,8
101391,A007-AC-042,9
101392,A020-AG-013,11
101393,A019-AB-042,9
101394,A019-AG-002,6
101395,A009-AI-021,8
101396,A005-AB-002,6
101397,A012-AH-011,9
101398,A014-AE-023,7
101399,A003-AG-052,7
101400,A010-AB-041,6
101401,A014-AB-033,9
101402,A018-AJ-013,13
101403,A015-AJ-041,5
101404,A011-AJ-023,2
101405,A005-AB-003,5
101406,A020-AJ-012,6
101407,A008-AC-032,9
101408,A019-AH-021,11
101409,A004-AE-003,9
101410,A004-AD-001,5
101411,A007-AB-041,10
101412,A012-AJ-032,5
101413,A001-AH-021,14
101414,A017-AD-002,5
101415,A008-AF-053,8
101416,A004-AG-021,6
101417,A012-AF-013,13
101418,A001-AJ-053,8
101419,A018-AA-001,6
101420,A011-AC-053,7
101421,A011-AF-022,5
101422,A011-AF-032,11
101423,A002-AF-022,11
101424,A002-AD-053,9
101425,A018-AG-012,5
101426,A016-AB-012,11
101427,A008-AI-053,6
101428,A004-AC-023,10
101429,A007-AJ-033,4
101430,A003-AE-022,7
101431,A009-AD-011,11
101432,A003-AJ-033,10
101433,A015-AA-031,7
101434,A019-AE-033,10
101435,A007-AD-052,8
101436,A009-AI-001,3
101437,A006-AI-052,7
101438,A018-AB-032,6
101439,A014-AH-043,8
101440,A001-AC-053,9
101441,A018-AI-041,10
101442,A020-AG-023,12
101443,A004-AB-041,10
101444,A008-AD-052,7
101445,A015-AD-022,7
101446,A009-AF-033,13
101447,A019-AB-051,8
101448,A020-AC-011,13
101449,A014-AI-012,5
101450,A017-AF-011,7
101451,A020-AD-042,9
101452,A017-AH-002,3
101453,A019-AH-041,11
101454,A005-AC-011,5
101455,A011-AE-011,6
101456,A013-AA-053,8
101457,A002-AH-023,4
101458,A011-AD-043,5
101459,A001-AD-041,15
101460,A007-AE-031,4
101461,A015-AH-041,5
101462,A010-AI-053,14
101463,A005-AB-041,5
101464,A011-AI-013,12
101465,A020-AC-041,13
101466,A001-AH-033,5
101467,A014-AG-051,6
101468,A001-AD-053,8
101469,A013-AI-012,8
101470,A012-AI-043,6
101471,A018-AD-011,3
101472,A015-AB-042,10
101473,A001-AD-031,6
101474,A002-AI-011,7
101475,A012-AG-002,4
101476,A006-AI-021,7
101477,A016-AC-043,10
101478,A005-AG-011,4
101479,A008-AC-031,10
101480,A008-AG-021,7
101481,A001-AI-031,11
101482,A016-AA-041,9
101483,A017-AA-001,7
101484,A019-AD-043,9
101485,A005-AJ-023,6
101486,A018-AA-032,8
101487,A010-AF-053,6
101488,A012-AB-042,8
101489,A006-AA-051,10
101490,A018-AI-052,9
101491,A012-AH-022,7
101492,A018-AC-051,13
101493,A002-AI-053,9
101494,A005-AI-023,10
101495,A013-AD-022,7
101496,A011-AB-001,9
101497,A017-AJ-041,7
101498,A004-AE-051,9
101499,A010-AI-011,10
101500,A019-AE-022,6
101501,A012-AC-053,6
101502,A015-AA-041,1
101503,A016-AC-003,10
101504,A004-AG-031,5
101505,A004-AD-022,13
101506,A016-AJ-033,13
101507,A018-AH-053,11
101508,A019-AE-002,9
101509,A014-AD-031,7
101510,A011-AJ-032,6
101511,A005-AI-013,9
101512,A017-AJ-001,8
101513,A001-AJ-022,6
101514,A017-AB-042,10
101515,A006-AJ-002,9
101516,A005-AB-043,7
101517,A012-AC-043,10
101518,A008-AI-042,8
101519,A015-AE-051,6
101520,A017-AD-052,7
101521,A004-AI-032,10
101522,A011-AB-021,5
101523,A019-AC-053,9
101524,A009-AE-032,5
101525,A005-AF-031,8
101526,A016-AB-032,4
101527,A013-AE-013,7
101528,A002-AE-003,5
101529,A014-AF-031,16
101530,A015-AB-033,2
101531,A012-AD-021,8
101532,A013-AG-022,9
101533,A011-AB-003,11
101534,A020-AC-012,8
101535,A003-AB-042,6
101536,A014-AI-021,11
101537,A001-AE-003,7
101538,A015-AG-042,10
101539,A020-AD-021,10
101540,A017-AA-003,8
101541,A013-AJ-012,7
101542,A014-AE-051,3
101543,A018-AI-002,13
101544,A018-AF-032,7
101545,A001-AE-042,7
101546,A013-AA-003,12
101547,A011-AC-003,5
101548,A003-AC-052,7
101549,A004-AD-021,7
101550,A001-AE-011,6
101551,A015-AA-013,9
101552,A009-AB-023,6
101553,A001-AH-011,7
101554,A019-AE-031,11
101555,A014-AJ-043,10
101556,A016-AJ-011,4
101557,A014-AH-001,11
101558,A008-AJ-003,9
101559,A014-AA-012,11
101560,A008-AH-052,4
101561,A002-AJ-052,7
101562,A011-AG-041,7
101563,A004-AI-031,12
101564,A012-AE-021,7
101565,A017-AB-033,14
101566,A001-AF-001,7
101567,A002-AF-011,3
101568,A004-AH-043,9
101569,A009-AG-002,13
101570,A012-AG-041,6
101571,A007-AG-011,5
101572,A002-AB-043,6
101573,A011-AH-021,5
101574,A018-AG-003,5
101575,A009-AD-022,6
101576,A003-AH-022,15
101577,A004-AJ-012,7
101578,A011-AJ-003,9
101579,A017-AI-033,10
101580,A011-AB-051,10
101581,A009-AF-001,7
101582,A013-AB-013,9
101583,A005-AC-023,6
101584,A005-AE-001,7
101585,A018-AB-012,9
101586,A010-AG-032,7
101587,A017-AD-051,5
101588,A005-AE-022,9
101589,A019-AD-012,5
101590,A007-AD-001,8
101591,A016-AH-041,5
101592,A010-AH-053,12
101593,A012-AE-041,6
101594,A006-AJ-051,9
101595,A001-AH-041,1
101596,A012-AG-012,9
101597,A018-AD-003,8
101598,A001-AJ-042,10
101599,A012-AC-003,10
101600,A018-AA-041,5
101601,A020-AI-053,12
101602,A005-AH-022,3
101603,A015-AC-031,6
101604,A003-AH-021,6
101605,A005-AA-003,8
101606,A016-AE-041,4
101607,A001-AA-011,8
101608,A012-AB-012,7
101609,A017-AD-001,6
101610,A002-AG-021,5
101611,A009-AB-042,12
101612,A016-AD-003,14
101613,A014-AB-052,10
101614,A006-AI-033,7
101615,A008-AB-052,3
101616,A013-AI-032,4
101617,A007-AA-053,14
101618,A014-AF-001,6
101619,A019-AB-041,10
101620,A012-AI-041,10
101621,A019-AE-023,10
101622,A006-AC-001,9
101623,A008-AA-051,9
101624,A008-AC-041,5
101625,A005-AH-042,8
101626,A003-AH-003,6
101627,A001-AF-022,10
101628,A013-AA-013,11
101629,A004-AE-012,9
101630,A019-AG-021,8
101631,A020-AH-041,9
101632,A011-AI-032,5
101633,A002-AC-033,12
101634,A016-AG-012,5
101635,A012-AC-011,10
101636,A013-AE-052,9
101637,A011-AI-022,14
101638,A015-AG-041,11
101639,A014-AC-042,10
101640,A003-AE-031,14
101641,A011-AH-053,10
101642,A012-AB-033,8
101643,A018-AH-051,7
101644,A015-AC-052,10
101645,A008-AA-001,6
101646,A012-AG-051,8
101647,A017-AG-023,7
101648,A009-AA-012,12
101649,A014-AD-042,4
101650,A017-AJ-013,11
101651,A014-AJ-013,10
101652,A014-AE-022,8
101653,A014-AC-041,8
101654,A001-AE-021,13
101655,A010-AI-021,11
101656,A017-AA-053,9
101657,A020-AC-022,6
101658,A004-AI-003,2
101659,A012-AJ-031,11
101660,A009-AB-013,7
101661,A002-AB-012,15
101662,A018-AA-021,6
101663,A018-AF-001,8
101664,A003-AF-031,5
101665,A005-AC-033,10
101666,A001-AJ-013,5
101667,A005-AD-052,4
101668,A003-AG-043,5
101669,A005-AC-031,9
101670,A020-AH-021,10
101671,A005-AF-002,10
101672,A001-AG-002,4
101673,A005-AH-011,11
101674,A001-AD-001,9
101675,A016-AI-032,6
101676,A006-AB-013,12
101677,A020-AD-053,8
101678,A012-AE-002,7
101679,A020-AF-042,5
101680,A020-AI-052,10
101681,A012-AJ-052,9
101682,A006-AI-022,8
101683,A014-AG-032,9
101684,A004-AB-001,7
101685,A014-AC-023,2
101686,A013-AI-053,4
101687,A020-AB-011,7
101688,A010-AG-003,4
101689,A016-AJ-002,6
101690,A006-AI-041,9
101691,A009-AA-052,4
101692,A011-AI-002,10
101693,A011-AE-023,7
101694,A005-AC-012,11
101695,A015-AJ-031,4
101696,A008-AC-053,16
101697,A001-AF-052,8
101698,A003-AI-023,5
101699,A019-AH-002,8
101700,A015-AG-052,4
101701,A015-AD-043,8
101702,A014-AD-003,9
101703,A014-AI-041,9
101704,A002-AI-022,10
101705,A005-AH-033,6
101706,A007-AA-001,7
101707,A015-AI-003,9
101708,A015-AJ-051,7
101709,A009-AI-031,11
101710,A004-AC-002,2
101711,A013-AJ-011,17
101712,A011-AF-023,12
101713,A019-AE-052,8
101714,A019-AA-011,3
101715,A011-AB-022,9
101716,A005-AB-051,9
101717,A020-AD-043,6
101718,A012-AE-003,6
101719,A011-AG-003,10
101720,A009-AJ-012,3
101721,A015-AI-031,4
101722,A019-AE-013,10
101723,A019-AF-042,6
101724,A014-AH-023,12
101725,A003-AG-033,9
101726,A014-AJ-021,9
101727,A009-AJ-011,10
101728,A018-AJ-021,6
101729,A016-AE-011,9
101730,A004-AC-022,7
101731,A017-AE-002,12
101732,A006-AA-031,8
101733,A003-AH-001,10
101734,A009-AB-051,6
101735,A008-AG-053,11
101736,A005-AB-023,7
101737,A005-AG-042,6
101738,A013-AI-042,8
101739,A018-AH-023,8
101740,A009-AC-001,8
101741,A002-AI-051,9
101742,A015-AJ-001,6
101743,A013-AG-033,12
101744,A009-AH-042,5
101745,A008-AI-043,6
101746,A010-AE-032,9
101747,A018-AJ-022,11
101748,A015-AD-023,13
101749,A002-AH-031,6
101750,A016-AE-053,11
101751,A016-AI-022,5
101752,A002-AE-052,7
101753,A012-AA-022,6
101754,A010-AI-032,10
101755,A004-AI-013,5
101756,A016-AJ-013,6
101757,A011-AF-021,8
101758,A017-AI-002,6
101759,A018-AC-013,3
101760,A010-AF-001,6
101761,A020-AD-051,7
101762,A009-AH-041,11
101763,A013-AF-013,7
101764,A015-AA-053,9
101765,A009-AJ-041,4
101766,A013-AJ-003,7
101767,A004-AD-033,9
101768,A018-AA-003,9
101769,A020-AF-051,6
101770,A012-AD-011,6
101771,A003-AF-042,7
101772,A003-AB-051,7
101773,A020-AG-042,6
101774,A009-AH-011,13
101775,A004-AI-051,6
101776,A018-AE-033,7
101777,A013-AG-013,6
101778,A016-AI-011,10
101779,A005-AB-012,2
101780,A001-AC-002,5
101781,A012-AA-003,8
101782,A006-AH-051,5
101783,A019-AG-013,5
101784,A008-AG-013,8
101785,A011-AD-001,8
101786,A002-AA-033,6
101787,A019-AJ-003,3
101788,A008-AH-053,7
101789,A011-AE-021,8
101790,A017-AD-003,7
101791,A008-AJ-053,10
101792,A017-AD-053,13
101793,A002-AE-031,9
101794,A010-AC-031,5
101795,A004-AH-021,5
101796,A020-AC-013,6
101797,A008-AD-011,14
101798,A005-AC-051,10
101799,A012-AC-012,9
101800,A018-AJ-041,9
101801,A001-AJ-033,3
101802,A019-AD-003,4
101803,A007-AH-041,8
101804,A012-AC-032,11
101805,A005-AE-032,10
101806,A017-AI-051,6
101807,A008-AJ-023,10
101808,A013-AF-023,13
101809,A011-AF-031,7
101810,A004-AJ-043,13
101811,A002-AG-002,5
101812,A014-AD-013,10
101813,A007-AG-013,11
101814,A001-AJ-012,12
101815,A011-AJ-011,11
101816,A015-AD-011,9
101817,A010-AJ-021,6
101818,A007-AI-032,5
101819,A017-AJ-022,10
101820,A010-AG-052,7
101821,A013-AA-052,5
101822,A012-AJ-033,9
101823,A012-AF-041,10
101824,A020-AC-001,9
101825,A019-AC-022,5
101826,A017-AG-052,10
101827,A002-AA-042,6
101828,A004-AH-031,12
101829,A015-AC-001,4
101830,A004-AI-002,9
101831,A008-AD-033,7
101832,A016-AF-022,3
101833,A013-AG-012,10
101834,A012-AG-022,5
101835,A007-AI-001,6
101836,A008-AH-012,9
101837,A004-AI-023,4
101838,A009-AI-003,8
101839,A005-AG-031,12
101840,A005-AE-002,12
101841,A004-AC-011,12
101842,A005-AC-022,9
101843,A005-AB-022,4
101844,A002-AI-002,9
101845,A007-AJ-021,5
101846,A006-AJ-023,6
101847,A017-AB-053,7
101848,A020-AD-033,6
101849,A017-AC-013,5
101850,A009-AA-031,9
101851,A003-AI-011,10
101852,A016-AI-042,11
101853,A002-AJ-033,8
101854,A008-AD-031,8
101855,A014-AI-022,10
101856,A001-AJ-032,13
101857,A009-AB-012,11
101858,A004-AJ-002,7
101859,A010-AF-012,9
101860,A011-AC-013,8
101861,A010-AC-012,6
101862,A014-AH-032,11
101863,A006-AB-012,7
101864,A001-AH-001,9
101865,A013-AG-032,6
101866,A018-AE-032,5
101867,A013-AB-033,11
101868,A018-AF-021,6
101869,A014-AJ-001,10
101870,A003-AB-022,8
101871,A008-AE-003,13
101872,A017-AA-012,9
101873,A010-AC-003,5
101874,A011-AD-022,14
101875,A006-AB-011,11
101876,A016-AB-041,7
101877,A011-AB-052,14
101878,A018-AF-041,11
101879,A013-AI-041,3
101880,A019-AJ-052,16
101881,A007-AG-001,6
101882,A016-AJ-042,4
101883,A020-AF-052,7
101884,A006-AH-041,13
101885,A007-AH-032,7
101886,A018-AC-031,9
101887,A002-AA-012,8
101888,A018-AC-043,11
101889,A011-AG-023,5
101890,A015-AA-032,7
101891,A001-AI-042,6
101892,A004-AC-033,9
101893,A014-AH-011,8
101894,A015-AF-043,5
101895,A001-AG-023,7
101896,A001-AE-013,6
101897,A006-AB-022,11
101898,A006-AC-031,12
101899,A011-AJ-022,10
101900,A014-AD-023,7
101901,A006-AH-042,12
101902,A019-AF-053,10
101903,A001-AG-022,7
101904,A013-AI-051,11
101905,A004-AB-012,10
101906,A013-AD-013,4
101907,A004-AE-023,6
101908,A008-AB-051,12
101909,A006-AA-013,8
101910,A017-AA-011,14
101911,A001-AH-042,6
101912,A006-AA-001,13
101913,A002-AH-011,7
101914,A013-AJ-042,15
101915,A017-AI-003,12
101916,A015-AA-033,15
101917,A020-AD-011,2
101918,A012-AH-012,10
101919,A008-AC-013,3
101920,A008-AD-003,6
101921,A007-AE-012,7
101922,A011-AA-021,9
101923,A017-AE-053,5
101924,A016-AA-012,10
101925,A006-AB-002,10
101926,A007-AF-052,7
101927,A015-AI-042,10
101928,A018-AE-021,10
101929,A020-AJ-011,7
101930,A006-AC-043,11
101931,A006-AG-011,10
101932,A018-AH-003,4
101933,A009-AH-052,12
101934,A003-AA-003,7
101935,A001-AI-032,6
101936,A008-AE-032,5
101937,A020-AD-052,10
101938,A014-AC-013,9
101939,A002-AH-022,8
101940,A007-AI-031,11
101941,A002-AJ-042,13
101942,A003-AC-023,9
101943,A003-AJ-003,5
101944,A002-AG-033,10
101945,A012-AH-021,7
101946,A003-AG-051,9
101947,A016-AA-052,5
101948,A016-AJ-021,8
101949,A008-AD-022,5
101950,A010-AD-011,7
101951,A009-AC-042,6
101952,A018-AB-021,11
101953,A004-AJ-042,8
101954,A009-AI-013,9
101955,A011-AD-002,11
101956,A013-AI-001,13
101957,A012-AI-021,14
101958,A015-AI-051,11
101959,A002-AC-053,12
101960,A008-AC-001,5
101961,A014-AA-001,9
101962,A017-AI-023,8
101963,A002-AJ-003,4
101964,A016-AI-052,7
101965,A004-AH-052,5
101966,A003-AF-011,15
101967,A017-AE-022,8
101968,A009-AE-051,8
101969,A004-AF-013,10
101970,A010-AJ-001,7
101971,A015-AC-011,9
101972,A013-AH-053,10
101973,A013-AF-051,11
101974,A005-AF-032,3
101975,A007-AH-001,10
101976,A016-AH-031,9
101977,A003-AH-041,8
101978,A002-AC-001,4
101979,A020-AA-042,8
101980,A005-AJ-041,8
101981,A018-AD-022,4
101982,A005-AB-011,8
101983,A016-AC-002,5
101984,A008-AI-023,5
101985,A013-AA-031,8
101986,A016-AE-032,10
101987,A012-AG-003,5
101988,A011-AH-043,9
101989,A014-AG-011,6
101990,A002-AJ-031,8
101991,A018-AB-001,12
101992,A011-AJ-052,10
101993,A001-AC-021,4
101994,A005-AG-002,10
101995,A002-AD-002,12
101996,A013-AI-023,6
101997,A005-AH-031,8
101998,A008-AC-051,4
101999,A016-AA-021,10
102000,A005-AG-001,8
102001,A007-AF-012,12
102002,A005-AI-051,9
102003,A014-AH-013,4
102004,A015-AD-003,7
102005,A020-AD-002,6
102006,A001-AI-051,10
102007,A011-AE-043,10
102008,A006-AC-013,13
102009,A013-AJ-053,11
102010,A005-AJ-033,16
102011,A019-AF-011,6
102012,A013-AE-022,9
102013,A017-AE-033,16
102014,A005-AF-011,9
102015,A014-AC-002,7
102016,A018-AA-053,3
102017,A010-AB-042,3
102018,A008-AG-001,6
102019,A010-AE-043,4
102020,A007-AD-032,15
102021,A015-AD-053,11
102022,A013-AG-041,9
102023,A015-AI-021,5
102024,A007-AA-032,13
102025,A013-AI-011,8
102026,A002-AE-041,4
102027,A002-AJ-053,10
102028,A014-AF-012,11
102029,A019-AH-003,6
102030,A019-AC-012,11
102031,A012-AD-031,7
102032,A012-AH-041,4
102033,A004-AH-013,5
102034,A013-AC-003,6
102035,A003-AJ-002,6
102036,A009-AG-053,9
102037,A016-AH-001,8
102038,A020-AA-041,7
102039,A016-AC-013,8
102040,A019-AD-041,10
102041,A016-AJ-043,9
102042,A020-AH-012,7
102043,A001-AA-051,9
102044,A001-AG-012,16
102045,A007-AI-011,5
102046,A012-AC-001,7
102047,A009-AJ-052,12
102048,A016-AI-002,8
102049,A015-AG-033,8
102050,A008-AA-011,8
102051,A018-AJ-042,15
102052,A007-AE-023,7
102053,A003-AF-012,7
102054,A017-AF-002,7
102055,A014-AE-032,6
102056,A003-AF-052,7
102057,A005-AJ-001,8
102058,A007-AC-003,13
102059,A010-AE-012,10
102060,A018-AE-013,9
102061,A016-AH-043,10
102062,A010-AG-023,7
102063,A011-AA-043,5
102064,A007-AB-052,11
102065,A002-AI-032,11
102066,A002-AB-013,12
102067,A012-AF-012,7
102068,A004-AF-022,7
102069,A002-AB-053,10
102070,A019-AJ-012,5
102071,A015-AF-013,12
102072,A019-AF-052,10
102073,A009-AE-011,15
102074,A018-AI-042,8
102075,A008-AH-032,14
102076,A015-AH-022,16
102077,A010-AF-031,5
102078,A009-AF-032,12
102079,A020-AH-022,11
102080,A019-AB-013,9
102081,A001-AG-053,3
102082,A004-AC-013,15
102083,A017-AB-023,3
102084,A015-AF-023,6
102085,A014-AA-013,5
102086,A014-AJ-033,14
102087,A001-AB-022,9
102088,A008-AJ-051,17
102089,A008-AH-013,8
102090,A013-AH-052,4
102091,A014-AG-003,13
102092,A005-AB-001,13
102093,A014-AB-022,9
102094,A007-AA-051,6
102095,A001-AF-053,6
102096,A010-AH-033,8
102097,A006-AB-023,5
102098,A017-AJ-021,8
102099,A015-AC-002,9
102100,A009-AD-033,13
102101,A008-AJ-041,5
102102,A014-AG-042,8
102103,A016-AF-023,7
102104,A011-AJ-042,9
102105,A018-AB-003,11
102106,A005-AI-022,3
102107,A012-AF-023,11
102108,A020-AD-022,9
102109,A020-AI-031,5
102110,A008-AB-002,6
102111,A013-AJ-051,6
102112,A015-AF-042,4
102113,A019-AA-003,3
102114,A018-AB-022,7
102115,A015-AE-003,2
102116,A017-AI-032,9
102117,A014-AI-053,6
102118,A002-AD-033,4
102119,A013-AG-002,12
102120,A009-AE-043,4
102121,A003-AB-053,7
102122,A010-AI-012,9
102123,A016-AD-011,6
102124,A002-AJ-022,8
102125,A018-AA-042,7
102126,A002-AF-012,8
102127,A011-AH-052,9
102128,A018-AA-013,8
102129,A009-AF-011,8
102130,A006-AI-001,8
102131,A012-AI-031,8
102132,A010-AH-003,7
102133,A008-AB-003,12
102134,A003-AB-033,10
102135,A016-AJ-003,4
102136,A010-AA-042,10
102137,A020-AF-003,9
102138,A008-AH-003,7
102139,A010-AE-003,8
102140,A006-AB-053,12
102141,A019-AF-031,4
102142,A010-AH-051,6
102143,A005-AI-052,9
102144,A017-AI-053,10
102145,A013-AD-031,17
102146,A010-AH-052,9
102147,A018-AD-051,7
102148,A013-AE-023,4
102149,A007-AH-002,13
102150,A013-AF-043,7
102151,A016-AA-032,8
102152,A020-AJ-042,7
102153,A003-AI-041,9
102154,A002-AE-053,8
102155,A004-AD-042,12
102156,A017-AE-051,9
102157,A016-AJ-052,7
102158,A002-AG-042,8
102159,A013-AD-042,9
102160,A012-AB-032,6
102161,A020-AJ-022,8
102162,A010-AH-001,4
102163,A010-AB-022,9
102164,A011-AI-053,6
102165,A018-AJ-012,3
102166,A018-AB-033,8
102167,A011-AE-012,12
102168,A019-AC-043,4
102169,A017-AA-033,11
102170,A020-AG-041,13
102171,A015-AJ-002,7
102172,A012-AE-033,10
102173,A011-AC-051,6
102174,A003-AE-043,5
102175,A012-AG-043,11
102176,A020-AB-031,8
102177,A011-AC-001,8
102178,A015-AJ-023,8
102179,A020-AA-033,8
102180,A003-AF-051,5
102181,A014-AD-002,10
102182,A010-AF-043,8
102183,A003-AI-051,9
102184,A002-AB-052,9
102185,A018-AF-053,4
102186,A004-AJ-033,10
102187,A001-AD-032,7
102188,A008-AD-041,8
102189,A019-AE-012,4
102190,A009-AB-031,12
102191,A019-AB-012,4
102192,A003-AJ-053,5
102193,A015-AA-022,7
102194,A003-AF-001,12
102195,A004-AJ-041,11
102196,A018-AG-013,11
102197,A003-AJ-032,7
102198,A017-AI-021,9
102199,A017-AA-041,4
102200,A001-AA-033,9
102201,A017-AC-033,9
102202,A014-AC-022,12
102203,A006-AD-001,13
102204,A005-AJ-003,10
102205,A005-AH-003,2
102206,A016-AF-021,5
102207,A005-AG-041,10
102208,A019-AG-051,8
102209,A006-AF-022,4
102210,A018-AD-013,11
102211,A019-AB-022,7
102212,A001-AE-051,3
102213,A016-AA-022,7
102214,A003-AA-051,9
102215,A019-AC-042,10
102216,A003-AH-043,8
102217,A018-AJ-033,12
102218,A007-AC-043,10
102219,A010-AA-032,10
102220,A019-AC-032,9
102221,A009-AB-033,9
102222,A009-AD-032,8
102223,A015-AD-042,5
102224,A009-AC-031,9
102225,A006-AD-042,5
102226,A011-AB-011,6
102227,A011-AA-052,8
102228,A005-AJ-022,6
102229,A016-AC-042,14
102230,A001-AH-023,10
102231,A017-AJ-032,9
102232,A014-AG-041,10
102233,A012-AB-021,7
102234,A003-AC-031,12
102235,A014-AF-021,9
102236,A018-AH-032,5
102237,A016-AI-013,6
102238,A016-AJ-053,9
102239,A009-AE-022,7
102240,A016-AF-013,11
102241,A009-AI-022,4
102242,A016-AG-033,8
102243,A013-AC-013,4
102244,A014-AE-052,9
102245,A003-AC-003,9
102246,A003-AG-022,7
102247,A012-AC-002,9
102248,A007-AJ-012,7
102249,A001-AI-023,12
102250,A002-AA-013,11
102251,A004-AB-043,7
102252,A003-AG-031,9
102253,A014-AJ-012,11
102254,A013-AJ-013,9
102255,A011-AF-033,8
102256,A002-AE-021,4
102257,A006-AA-021,10
102258,A008-AE-033,10
102259,A020-AJ-051,9
102260,A011-AH-013,11
102261,A006-AD-011,8
102262,A003-AE-033,9
102263,A009-AE-031,10
102264,A009-AG-041,4
102265,A006-AJ-033,11
102266,A009-AD-051,12
102267,A019-AI-032,8
102268,A003-AI-003,7
102269,A013-AC-002,5
102270,A015-AD-033,10
102271,A018-AG-043,8
102272,A009-AJ-043,6
102273,A018-AC-042,4
102274,A017-AB-031,10
102275,A010-AA-022,6
102276,A020-AE-013,7
102277,A004-AC-001,7
102278,A018-AC-032,11
102279,A011-AG-032,11
102280,A003-AG-011,5
102281,A008-AH-002,6
102282,A013-AH-032,6
102283,A011-AJ-033,7
102284,A006-AI-023,8
102285,A004-AH-022,7
102286,A007-AC-001,9
102287,A012-AE-011,9
102288,A015-AI-033,9
102289,A009-AD-012,11
102290,A016-AF-033,14
102291,A019-AD-052,7
102292,A005-AF-041,5
102293,A004-AJ-053,9
102294,A015-AE-031,11
102295,A016-AG-003,7
102296,A007-AH-003,5
102297,A003-AA-031,14
102298,A003-AJ-052,14
102299,A020-AE-053,9
102300,A001-AH-032,12
102301,A011-AA-013,10
102302,A008-AA-013,12
102303,A001-AI-053,8
102304,A019-AD-013,10
102305,A004-AB-003,8
102306,A006-AH-001,11
102307,A017-AH-042,9
102308,A005-AJ-051,8
102309,A009-AA-011,14
102310,A019-AF-001,10
102311,A007-AF-003,7
102312,A012-AD-001,9
102313,A002-AB-003,8
102314,A001-AB-051,10
102315,A017-AA-022,10
102316,A018-AG-053,10
102317,A001-AE-053,6
102318,A007-AH-011,12
102319,A019-AG-003,6
102320,A020-AH-001,4
102321,A009-AG-043,14
102322,A006-AD-053,13
102323,A017-AC-022,9
102324,A011-AJ-053,10
102325,A009-AH-031,4
102326,A017-AD-033,8
102327,A007-AI-042,4
102328,A020-AB-042,6
102329,A006-AG-052,11
102330,A010-AG-031,5
102331,A007-AI-002,11
102332,A017-AI-012,7
102333,A017-AE-042,12
102334,A002-AG-043,5
102335,A019-AJ-022,3
102336,A013-AE-021,8
102337,A007-AF-023,9
102338,A011-AF-051,6
102339,A018-AG-023,5
102340,A006-AI-002,5
102341,A011-AE-032,9
102342,A006-AH-043,7
102343,A011-AE-052,6
102344,A006-AC-051,9
102345,A004-AC-032,10
102346,A012-AD-012,6
102347,A019-AH-023,8
102348,A018-AJ-011,6
102349,A002-AH-053,3
102350,A014-AJ-052,11
102351,A004-AI-041,5
102352,A005-AA-053,7
102353,A017-AG-032,13
102354,A010-AD-042,7
102355,A017-AB-032,5
102356,A018-AF-042,5
102357,A004-AD-003,3
102358,A010-AI-001,5
102359,A009-AF-013,9
102360,A009-AB-032,7
102361,A007-AG-042,10
102362,A020-AD-013,6
102363,A020-AD-031,10
102364,A002-AA-023,11
102365,A014-AH-002,8
102366,A018-AE-053,11
102367,A019-AB-001,7
102368,A011-AA-053,10
102369,A014-AD-012,7
102370,A019-AC-033,8
102371,A010-AI-042,9
102372,A003-AA-032,5
102373,A015-AH-002,7
102374,A007-AF-022,13
102375,A006-AD-022,4
102376,A018-AI-023,9
102377,A018-AC-021,9
102378,A013-AD-003,7
102379,A012-AB-001,9
102380,A008-AC-002,8
102381,A020-AF-012,6
102382,A013-AB-022,7
102383,A008-AE-042,8
102384,A018-AI-032,12
102385,A010-AA-023,2
102386,A008-AH-001,8
102387,A019-AG-031,6
102388,A011-AG-051,5
102389,A002-AH-001,6
102390,A004-AF-003,8
102391,A010-AD-013,12
102392,A004-AC-043,7
102393,A001-AD-023,7
102394,A011-AD-053,5
102395,A012-AJ-041,7
102396,A003-AC-041,6
102397,A011-AA-011,12
102398,A015-AH-012,11
102399,A008-AF-031,3
102400,A012-AE-013,12
102401,A015-AG-022,2
102402,A001-AI-022,10
102403,A012-AC-041,8
102404,A004-AE-033,5
102405,A009-AH-051,10
102406,A009-AG-042,7
102407,A019-AD-031,4
102408,A008-AC-022,13
102409,A001-AJ-052,12
102410,A010-AD-023,8
102411,A015-AC-022,12
102412,A020-AE-032,4
102413,A014-AA-003,7
102414,A006-AE-021,6
102415,A005-AC-052,12
102416,A008-AD-012,8
102417,A017-AD-011,8
102418,A009-AF-051,9
102419,A018-AF-023,9
102420,A015-AF-012,3
102421,A008-AF-033,5
102422,A008-AI-031,6
102423,A015-AH-032,8
102424,A013-AC-032,15
102425,A011-AB-033,4
102426,A004-AD-043,12
102427,A012-AB-022,6
102428,A017-AF-001,10
102429,A015-AA-011,11
102430,A020-AG-011,3
102431,A015-AC-032,10
102432,A015-AD-002,10
102433,A007-AA-043,6
102434,A019-AI-033,2
102435,A008-AH-021,7
102436,A016-AJ-022,4
102437,A016-AA-002,14
102438,A002-AF-051,15
102439,A004-AB-002,7
102440,A012-AF-033,11
102441,A005-AD-021,7
102442,A009-AH-013,11
102443,A004-AC-052,9
102444,A013-AF-022,11
102445,A011-AD-052,8
102446,A016-AB-001,8
102447,A011-AH-023,12
102448,A011-AJ-043,3
102449,A010-AE-031,11
102450,A007-AC-011,13
102451,A012-AF-043,4
102452,A007-AG-022,7
102453,A014-AH-041,12
102454,A004-AF-001,8
102455,A003-AG-042,7
102456,A011-AF-001,14
102457,A003-AF-043,8
102458,A015-AB-053,6
102459,A015-AJ-011,8
102460,A010-AC-051,9
102461,A013-AF-041,6
102462,A001-AD-003,5
102463,A013-AF-021,10
102464,A008-AA-041,10
102465,A004-AG-001,6
102466,A019-AH-032,13
102467,A016-AH-042,5
102468,A017-AB-051,7
102469,A012-AA-013,6
102470,A018-AF-031,19
102471,A007-AF-031,5
102472,A018-AG-052,11
102473,A013-AE-053,11
102474,A020-AF-022,8
102475,A018-AE-002,13
102476,A002-AB-042,4
102477,A011-AA-032,9
102478,A012-AD-022,12
102479,A020-AG-001,11
102480,A012-AH-053,6
102481,A005-AC-041,3
102482,A002-AC-021,6
102483,A010-AE-001,5
102484,A011-AF-003,8
102485,A016-AJ-012,7
102486,A001-AA-012,4
102487,A012-AH-002,5
102488,A010-AB-053,11
102489,A003-AG-021,16
102490,A008-AD-032,11
102491,A016-AF-051,7
102492,A020-AC-033,17
102493,A003-AA-001,9
102494,A016-AG-011,10
102495,A001-AI-021,10
102496,A013-AF-011,7
102497,A010-AB-003,14
102498,A017-AA-031,10
102499,A012-AC-042,7
102500,A018-AA-033,10
102501,A008-AF-001,8
102502,A004-AG-032,17
102503,A003-AD-043,8
102504,A008-AD-002,6
102505,A008-AF-051,10
102506,A017-AG-013,4
102507,A008-AJ-011,9
102508,A011-AG-053,9
102509,A003-AA-042,11
102510,A019-AI-041,10
102511,A016-AH-051,11
102512,A014-AD-011,10
102513,A005-AB-013,5
102514,A016-AF-053,9
102515,A017-AE-041,5
102516,A012-AI-002,4
102517,A018-AA-002,10
102518,A004-AJ-051,15
102519,A016-AF-012,1
102520,A019-AD-042,13
102521,A007-AB-013,10
102522,A001-AE-041,6
102523,A014-AD-032,7
102524,A014-AA-052,7
102525,A019-AE-032,8
102526,A003-AA-043,11
102527,A016-AD-051,10
102528,A006-AG-053,6
102529,A020-AG-051,7
102530,A017-AI-011,8
102531,A010-AI-013,15
102532,A018-AB-043,10
102533,A014-AG-002,10
102534,A002-AI-013,12
102535,A010-AJ-033,8
102536,A012-AC-021,10
102537,A013-AC-051,11
102538,A012-AD-051,5
102539,A018-AE-022,7
102540,A017-AG-011,13
102541,A007-AJ-011,4
102542,A011-AG-033,4
102543,A003-AI-013,7
102544,A010-AJ-052,7
102545,A007-AF-041,9
102546,A017-AF-031,9
102547,A019-AA-021,5
102548,A019-AH-033,11
102549,A004-AH-042,11
102550,A002-AD-032,6
102551,A020-AE-022,8
102552,A004-AC-021,11
102553,A007-AA-023,7
102554,A018-AC-023,7
102555,A018-AB-011,8
102556,A013-AD-052,11
102557,A003-AG-003,3
102558,A017-AC-021,8
102559,A005-AF-001,13
102560,A014-AE-011,10
102561,A015-AC-012,15
102562,A015-AD-031,6
102563,A006-AD-003,4
102564,A002-AG-011,6
102565,A011-AD-013,10
102566,A007-AE-021,8
102567,A007-AF-032,4
102568,A006-AC-041,5
102569,A001-AH-022,5
102570,A007-AG-012,13
102571,A011-AG-052,8
102572,A014-AF-003,4
102573,A018-AD-053,6
102574,A010-AC-053,6
102575,A001-AA-032,10
102576,A004-AF-033,10
102577,A002-AH-002,7
102578,A013-AF-032,6
102579,A004-AJ-031,9
102580,A006-AE-032,10
102581,A004-AF-042,11
102582,A002-AI-023,8
102583,A018-AE-042,2
102584,A020-AC-043,8
102585,A015-AC-021,1
102586,A005-AH-013,5
102587,A003-AC-032,10
102588,A014-AI-042,10
102589,A002-AD-041,9
102590,A015-AB-013,13
102591,A013-AJ-022,7
102592,A017-AJ-043,7
102593,A010-AH-032,12
102594,A019-AE-053,2
102595,A007-AH-033,9
102596,A011-AA-042,6
102597,A011-AC-031,10
102598,A017-AG-003,14
102599,A012-AI-052,12
102600,A006-AB-021,5
102601,A020-AG-002,9
102602,A019-AG-042,5
102603,A017-AI-001,7
102604,A010-AE-041,14
102605,A013-AG-053,10
102606,A003-AG-053,12
102607,A018-AA-023,8
102608,A002-AJ-021,9
102609,A017-AF-012,5
102610,A013-AI-002,7
102611,A004-AD-053,11
102612,A004-AE-031,8
102613,A002-AC-011,8
102614,A015-AD-012,6
102615,A014-AB-013,9
102616,A002-AG-051,9
102617,A012-AB-052,8
102618,A010-AB-011,8
102619,A002-AE-051,5
102620,A003-AF-053,14
102621,A011-AI-041,10
102622,A006-AH-023,6
102623,A002-AB-041,7
102624,A005-AB-053,11
102625,A008-AH-031,9
102626,A011-AA-012,4
102627,A011-AI-052,9
102628,A011-AG-043,8
102629,A007-AE-041,10
102630,A014-AA-033,9
102631,A001-AC-043,8
102632,A003-AD-021,8
102633,A015-AJ-021,13
102634,A015-AF-003,7
102635,A020-AA-003,9
102636,A007-AG-023,9
102637,A018-AE-031,5
102638,A002-AC-022,7
102639,A002-AA-021,12
102640,A007-AC-022,8
102641,A003-AI-043,8
102642,A016-AH-011,9
102643,A001-AD-011,6
102644,A007-AI-043,7
102645,A018-AA-043,4
102646,A009-AC-003,8
102647,A006-AB-042,11
102648,A007-AH-022,9
102649,A005-AE-011,6
102650,A003-AC-051,10
102651,A007-AE-022,6
102652,A014-AF-043,8
102653,A012-AJ-021,9
102654,A014-AE-003,6
102655,A007-AC-052,10
102656,A012-AA-011,6
102657,A005-AJ-012,6
102658,A019-AC-021,8
102659,A005-AC-003,6
102660,A013-AB-052,8
102661,A003-AH-011,7
102662,A020-AD-001,6
102663,A005-AD-043,4
102664,A003-AH-023,11
102665,A006-AC-023,8
102666,A020-AA-013,3
102667,A007-AJ-042,10
102668,A007-AB-033,5
102669,A019-AJ-021,8
102670,A009-AA-002,9
102671,A008-AF-012,4
102672,A019-AB-031,10
102673,A010-AG-043,13
102674,A020-AG-052,8
102675,A013-AA-043,11
102676,A013-AF-053,9
102677,A017-AE-023,15
102678,A009-AD-053,5
102679,A014-AC-021,9
102680,A007-AJ-041,11
102681,A006-AF-021,9
102682,A016-AH-023,8
102683,A006-AA-022,7
102684,A007-AG-053,5
102685,A003-AB-011,8
102686,A001-AD-052,8
102687,A011-AB-053,8
102688,A012-AB-041,5
102689,A015-AG-053,8
102690,A011-AI-021,9
102691,A006-AE-041,12
102692,A013-AG-021,6
102693,A018-AD-043,8
102694,A018-AB-013,5
102695,A006-AE-052,7
102696,A019-AH-013,14
102697,A005-AD-023,6
102698,A012-AH-032,16
102699,A001-AC-013,12
102700,A018-AJ-052,5
102701,A007-AC-051,4
102702,A014-AF-033,5
102703,A007-AD-033,5
102704,A008-AH-023,6
102705,A006-AI-043,10
102706,A009-AA-042,12
102707,A005-AI-012,5
102708,A012-AA-053,9
102709,A016-AG-031,9
102710,A008-AD-053,13
102711,A017-AC-043,7
102712,A001-AG-031,7
102713,A008-AG-031,7
102714,A016-AG-001,6
102715,A014-AI-051,12
102716,A013-AJ-041,8
102717,A017-AB-041,7
102718,A006-AF-023,11
102719,A011-AC-032,14
102720,A007-AD-023,5
102721,A002-AJ-041,6
102722,A006-AF-051,5
102723,A008-AD-021,7
102724,A007-AB-002,7
102725,A014-AE-043,7
102726,A010-AJ-003,9
102727,A016-AE-023,7
102728,A012-AA-001,12
102729,A016-AI-043,7
102730,A015-AA-003,14
102731,A007-AB-023,5
102732,A015-AI-001,5
102733,A012-AI-042,7
102734,A005-AA-002,8
102735,A010-AJ-002,6
102736,A019-AI-023,9
102737,A011-AE-033,8
102738,A020-AF-002,5
102739,A009-AC-022,8
102740,A010-AI-033,7
102741,A003-AE-001,16
102742,A012-AB-031,8
102743,A016-AI-053,7
102744,A001-AC-051,6
102745,A008-AH-033,12
102746,A015-AH-021,3
102747,A018-AG-001,5
102748,A002-AF-041,6
102749,A009-AE-013,11
102750,A016-AA-031,6
102751,A020-AB-041,6
102752,A013-AB-012,5
102753,A008-AJ-001,6
102754,A001-AJ-021,9
102755,A013-AI-043,5
102756,A019-AF-023,8
102757,A014-AG-033,9
102758,A007-AI-033,6
102759,A003-AD-011,8
102760,A006-AF-012,9
102761,A015-AC-042,9
102762,A014-AE-042,4
102763,A002-AH-013,8
102764,A005-AF-003,9
102765,A010-AA-012,9
102766,A009-AF-022,4
102767,A016-AI-041,7
102768,A008-AA-053,8
102769,A001-AF-051,10
102770,A014-AB-041,6
102771,A018-AA-012,6
102772,A008-AA-043,7
102773,A004-AH-012,8
102774,A020-AA-001,9
102775,A014-AI-011,15
102776,A014-AH-051,8
102777,A004-AI-011,5
102778,A009-AD-052,6
102779,A006-AI-013,12
102780,A017-AE-043,10
102781,A005-AJ-032,4
102782,A013-AI-021,5
102783,A003-AG-001,14
102784,A016-AC-021,5
102785,A011-AH-042,15
102786,A003-AI-042,7
102787,A018-AH-002,8
102788,A004-AE-041,5
102789,A018-AG-021,6
102790,A001-AE-033,13
102791,A005-AF-021,10
102792,A017-AA-043,5
102793,A001-AH-002,11
102794,A001-AJ-003,6
102795,A015-AI-013,10
102796,A018-AF-043,4
102797,A015-AH-052,6
102798,A006-AB-001,9
102799,A008-AJ-033,10
102800,A002-AB-051,6
102801,A019-AI-012,6
102802,A019-AH-051,3
102803,A011-AH-001,13
102804,A018-AH-042,10
102805,A006-AH-022,8
102806,A010-AF-052,14
102807,A020-AI-002,7
102808,A016-AG-021,12
102809,A008-AG-043,9
102810,A008-AE-021,12
102811,A011-AD-023,3
102812,A005-AI-003,7
102813,A008-AE-023,7
102814,A017-AF-042,8
102815,A006-AJ-011,8
102816,A017-AC-001,9
102817,A005-AB-021,7
102818,A011-AF-002,4
102819,A004-AA-051,9
102820,A010-AH-031,12
102821,A015-AG-012,7
102822,A002-AJ-002,9
102823,A001-AG-011,7
102824,A016-AA-051,11
102825,A013-AI-022,8
102826,A014-AE-041,8
102827,A009-AJ-033,9
102828,A001-AG-003,3
102829,A020-AE-011,8
102830,A015-AB-032,9
102831,A018-AC-001,6
102832,A011-AG-021,9
102833,A019-AG-032,7
102834,A010-AC-001,8
102835,A016-AE-031,8
102836,A016-AC-011,9
102837,A008-AG-023,9
102838,A009-AI-023,8
102839,A001-AG-032,8
102840,A019-AA-052,8
102841,A010-AJ-011,7
102842,A007-AC-002,9
102843,A020-AB-023,6
102844,A012-AB-002,6
102845,A006-AA-011,6
102846,A014-AH-012,7
102847,A013-AE-012,8
102848,A013-AC-023,10
102849,A010-AF-021,9
102850,A009-AI-042,8
102851,A007-AH-053,8
102852,A009-AA-001,3
102853,A001-AB-021,9
102854,A011-AI-031,11
102855,A009-AG-032,12
102856,A014-AB-001,5
102857,A001-AE-023,8
102858,A016-AI-012,11
102859,A018-AI-053,12
102860,A009-AI-033,1
102861,A010-AF-032,7
102862,A005-AH-002,12
102863,A002-AE-011,5
102864,A010-AE-033,7
102865,A011-AG-001,6
102866,A013-AD-023,8
102867,A008-AF-013,12
102868,A010-AC-042,9
102869,A010-AE-022,12
102870,A002-AE-033,8
102871,A005-AI-041,8
102872,A004-AE-042,14
102873,A016-AH-052,9
102874,A009-AH-003,8
102875,A006-AC-033,5
102876,A004-AE-013,1
102877,A020-AB-022,6
102878,A002-AI-021,7
102879,A013-AC-052,8
102880,A008-AC-042,5
102881,A008-AG-022,8
102882,A007-AB-043,5
102883,A006-AD-021,6
102884,A007-AF-001,14
102885,A002-AH-033,5
102886,A011-AA-002,4
102887,A007-AC-023,12
102888,A006-AE-022,6
102889,A015-AC-033,8
102890,A012-AA-012,7
102891,A012-AI-033,3
102892,A007-AD-002,9
102893,A015-AF-002,7
102894,A006-AG-012,7
102895,A006-AI-053,7
102896,A011-AC-022,8
102897,A011-AI-001,9
102898,A004-AG-011,8
102899,A011-AB-023,13
102900,A017-AF-021,9
102901,A010-AH-002,11
102902,A012-AE-051,10
102903,A014-AJ-022,6
102904,A011-AA-041,4
102905,A008-AC-011,8
102906,A014-AF-023,10
102907,A013-AH-011,4
102908,A018-AI-043,11
102909,A016-AB-052,11
102910,A011-AF-042,6
102911,A004-AA-021,5
102912,A011-AD-051,12
102913,A003-AH-033,8
102914,A006-AG-041,10
102915,A013-AG-051,6
102916,A018-AJ-001,6
102917,A011-AF-041,10
102918,A012-AH-051,5
102919,A016-AI-021,9
102920,A005-AA-001,10
102921,A005-AJ-043,13
102922,A010-AG-042,4
102923,A003-AE-012,6
102924,A001-AB-012,9
102925,A016-AG-023,9
102926,A015-AJ-013,9
102927,A004-AD-032,6
102928,A006-AF-031,5
102929,A010-AA-052,10
102930,A012-AC-023,11
102931,A009-AH-021,9
102932,A016-AI-023,10
102933,A005-AE-012,5
102934,A014-AA-053,8
102935,A015-AD-013,6
102936,A010-AE-013,9
102937,A011-AD-033,11
102938,A002-AG-032,5
102939,A014-AJ-002,11
102940,A019-AG-041,11
102941,A020-AE-002,8
102942,A002-AA-031,5
102943,A001-AF-032,10
102944,A004-AD-031,6
102945,A005-AF-013,7
102946,A019-AF-021,5
102947,A008-AA-033,7
102948,A016-AD-002,10
102949,A006-AD-023,12
102950,A019-AB-011,8
102951,A008-AG-012,6
102952,A018-AH-043,10
102953,A015-AE-001,5
102954,A016-AB-002,2
102955,A012-AH-013,5
102956,A007-AE-032,5
102957,A002-AJ-013,12
102958,A015-AJ-052,15
102959,A004-AI-033,9
102960,A011-AH-041,7
102961,A012-AG-013,9
102962,A019-AA-043,11
102963,A016-AD-042,6
102964,A011-AA-033,7
102965,A018-AC-053,5
102966,A011-AF-043,11
102967,A008-AD-013,5
102968,A015-AI-053,7
102969,A019-AG-022,9
102970,A014-AB-053,7
102971,A018-AC-002,6
102972,A018-AB-041,10
102973,A007-AF-013,1
102974,A007-AJ-003,10
102975,A001-AA-002,8
102976,A013-AE-041,10
102977,A010-AC-022,5
102978,A007-AI-023,9
102979,A013-AJ-031,11
102980,A015-AA-002,6
102981,A004-AJ-032,4
102982,A016-AE-003,9
102983,A019-AA-032,3
102984,A016-AB-013,1
102985,A010-AF-041,10
102986,A005-AD-033,7
102987,A003-AI-053,10
102988,A013-AG-003,6
102989,A007-AH-013,10
102990,A016-AI-033,5
102991,A010-AB-032,11
102992,A008-AE-012,7
102993,A010-AC-052,9
102994,A018-AB-031,8
102995,A008-AA-021,7
102996,A012-AF-022,4
102997,A007-AI-021,10
102998,A017-AD-043,9
102999,A003-AI-021,8
103000,A019-AJ-042,10
103001,A008-AB-022,8
103002,A015-AB-043,17
103003,A008-AF-003,14
103004,A016-AB-003,11
103005,A002-AF-052,10
103006,A010-AI-003,14
103007,A009-AC-051,6
103008,A005-AE-051,10
103009,A016-AC-032,7
103010,A017-AD-041,5
103011,A016-AG-013,4
103012,A013-AC-031,9
103013,A012-AI-013,2
103014,A001-AA-021,5
103015,A010-AJ-012,6
103016,A017-AB-013,7
103017,A002-AA-002,4
103018,A006-AH-053,5
103019,A005-AD-012,8
103020,A014-AB-011,4
103021,A009-AH-033,5
103022,A003-AG-013,7
103023,A012-AG-021,11
103024,A014-AH-053,11
103025,A010-AJ-013,3
103026,A018-AJ-003,10
103027,A017-AF-043,8
103028,A008-AI-033,9
103029,A010-AI-051,8
103030,A014-AF-042,4
103031,A003-AE-041,5
103032,A001-AI-041,8
103033,A018-AH-001,8
103034,A014-AC-003,10
103035,A019-AI-053,7
103036,A006-AJ-022,6
103037,A018-AE-041,5
103038,A001-AG-013,9
103039,A008-AF-021,8
103040,A019-AC-002,13
103041,A016-AE-033,7
103042,A010-AA-053,8
103043,A012-AF-052,8
103044,A015-AF-053,6
103045,A008-AJ-052,12
103046,A007-AD-031,9
103047,A020-AF-043,9
103048,A007-AD-022,7
103049,A008-AE-041,10
103050,A010-AA-041,10
103051,A005-AD-053,8
103052,A016-AA-011,6
103053,A001-AF-021,10
103054,A006-AA-042,7
103055,A006-AB-043,15
103056,A007-AJ-023,5
103057,A008-AJ-032,10
103058,A011-AE-042,5
103059,A005-AF-022,7
103060,A006-AA-033,3
103061,A011-AH-002,6
103062,A001-AI-043,8
103063,A009-AH-001,5
103064,A003-AE-032,4
103065,A020-AI-022,8
103066,A004-AG-012,8
103067,A020-AF-001,5
103068,A006-AG-023,7
103069,A017-AH-012,8
103070,A018-AH-012,10
103071,A010-AD-041,7
103072,A008-AF-032,7
103073,A020-AJ-031,2
103074,A005-AA-043,8
103075,A001-AF-033,8
103076,A010-AD-043,8
103077,A005-AA-013,7
103078,A004-AG-053,4
103079,A006-AD-051,7
103080,A004-AF-011,9
103081,A018-AA-031,13
103082,A015-AB-012,6
103083,A019-AA-053,8
103084,A013-AH-022,10
103085,A009-AA-023,3
103086,A003-AD-022,7
103087,A016-AB-042,7
103088,A006-AG-043,14
103089,A016-AF-011,7
103090,A005-AH-043,13
103091,A009-AB-022,4
103092,A001-AJ-002,5
103093,A009-AC-053,9
103094,A008-AA-003,13
103095,A001-AJ-031,10
103096,A003-AJ-001,8
103097,A010-AH-043,7
103098,A004-AD-041,5
103099,A013-AF-042,8
103100,A014-AC-031,7
103101,A009-AE-001,13
103102,A001-AI-011,10
103103,A013-AE-003,5
103104,A004-AD-052,10
103105,A016-AH-012,13
103106,A019-AB-033,7
103107,A019-AH-043,8
103108,A001-AC-011,4
103109,A013-AH-033,9
103110,A010-AH-013,6
103111,A017-AA-032,10
103112,A013-AF-031,7
103113,A011-AA-031,8
103114,A017-AI-041,6
103115,A019-AI-013,8
103116,A006-AJ-032,13
103117,A015-AE-053,4
103118,A003-AJ-042,8
103119,A008-AF-052,2
103120,A001-AA-043,7
103121,A002-AA-001,7
103122,A007-AC-053,8
103123,A019-AD-002,8
103124,A015-AE-021,4
103125,A003-AB-001,10
103126,A002-AB-032,10
103127,A006-AH-003,5
103128,A019-AH-052,5
103129,A012-AF-001,4
103130,A007-AA-002,6
103131,A015-AE-013,7
103132,A016-AG-022,7
103133,A005-AG-013,8
103134,A008-AI-001,7
103135,A017-AD-013,6
103136,A005-AH-052,9
103137,A014-AH-033,8
103138,A007-AE-003,10
103139,A007-AB-053,7
103140,A020-AH-023,6
103141,A020-AA-012,12
103142,A017-AI-052,9
103143,A003-AE-021,6
103144,A003-AG-012,7
103145,A020-AG-043,8
103146,A004-AA-032,6
103147,A003-AD-032,6
103148,A016-AA-053,13
103149,A007-AI-003,5
103150,A013-AG-011,6
103151,A016-AB-053,6
103152,A001-AB-043,8
103153,A013-AA-021,8
103154,A015-AI-043,10
103155,A014-AJ-011,15
103156,A007-AI-051,6
103157,A017-AA-002,5
103158,A013-AD-033,11
103159,A019-AF-033,6
103160,A004-AF-052,10
103161,A007-AE-051,6
103162,A009-AE-002,6
103163,A006-AF-032,7
103164,A002-AF-033,8
103165,A008-AJ-022,8
103166,A004-AA-003,7
103167,A019-AA-022,10
103168,A012-AF-003,6
103169,A005-AI-031,9
103170,A013-AC-021,10
103171,A002-AG-041,13
103172,A003-AC-042,7
103173,A013-AI-003,9
103174,A015-AB-021,8
103175,A011-AE-013,10
103176,A001-AC-003,6
103177,A002-AG-031,12
103178,A018-AB-002,11
103179,A018-AH-022,6
103180,A011-AE-001,8
103181,A007-AI-012,8
103182,A015-AG-051,5
103183,A019-AF-043,7
103184,A003-AJ-043,10
103185,A010-AA-002,5
103186,A007-AA-022,10
103187,A006-AE-013,6
103188,A008-AB-023,8
103189,A017-AC-053,6
103190,A016-AC-022,10
103191,A005-AG-023,5
103192,A006-AJ-021,10
103193,A008-AB-053,12
103194,A012-AI-053,7
103195,A013-AI-033,10
103196,A020-AB-033,9
103197,A015-AJ-032,8
103198,A010-AF-022,5
103199,A002-AI-033,10
103200,A015-AA-052,9
103201,A001-AJ-001,11
103202,A014-AF-013,12
103203,A014-AB-042,11
103204,A006-AG-001,3
103205,A013-AJ-033,9
103206,A003-AH-013,6
103207,A010-AB-051,11
103208,A006-AD-031,6
103209,A016-AD-033,7
103210,A002-AF-023,9
103211,A014-AF-022,9
103212,A002-AF-032,8
103213,A005-AC-013,6
103214,A002-AI-012,6
103215,A012-AF-032,7
103216,A002-AC-052,6
103217,A004-AF-043,8
103218,A013-AA-051,8
103219,A012-AE-022,10
103220,A011-AI-023,11
103221,A014-AC-052,5
103222,A002-AB-022,7
103223,A002-AD-001,7
103224,A008-AB-021,6
103225,A018-AA-011,10
103226,A002-AD-051,9
103227,A013-AD-021,13
103228,A017-AH-022,5
103229,A014-AB-043,6
103230,A002-AD-013,7
103231,A005-AJ-031,18
103232,A007-AH-031,7
103233,A005-AD-011,9
103234,A004-AF-012,9
103235,A012-AA-042,5
103236,A017-AD-023,4
103237,A016-AA-033,9
103238,A013-AG-023,8
103239,A018-AI-012,1
103240,A017-AG-012,7
103241,A016-AI-031,5
103242,A010-AG-012,7
103243,A007-AE-052,9
103244,A011-AD-031,7
103245,A018-AI-033,4
103246,A018-AI-022,7
103247,A007-AA-021,2
103248,A009-AI-051,7
103249,A001-AA-023,8
103250,A009-AG-012,6
103251,A004-AH-023,7
103252,A002-AD-021,3
103253,A010-AB-012,8
103254,A005-AI-033,7
103255,A011-AJ-031,7
103256,A012-AA-031,10
103257,A010-AC-023,6
103258,A004-AH-051,6
103259,A006-AD-043,9
103260,A018-AB-023,4
103261,A003-AB-012,5
103262,A001-AD-021,6
103263,A013-AD-001,13
103264,A015-AI-022,6
103265,A002-AB-031,9
103266,A003-AC-013,2
103267,A013-AF-012,5
103268,A011-AA-051,8
103269,A002-AH-003,4
103270,A006-AG-051,9
103271,A011-AF-012,6
103272,A020-AI-001,9
103273,A005-AB-042,4
103274,A020-AJ-003,5
103275,A004-AB-052,3
103276,A011-AC-002,9
103277,A020-AG-031,9
103278,A019-AD-022,7
103279,A005-AD-032,9
103280,A006-AG-032,16
103281,A003-AE-051,11
103282,A019-AC-011,8
103283,A008-AH-011,10
103284,A017-AF-041,7
103285,A010-AB-033,11
103286,A002-AD-043,6
103287,A003-AC-022,8
103288,A015-AH-001,5
103289,A015-AI-041,12
103290,A016-AD-012,8
103291,A002-AC-013,12
103292,A020-AE-003,7
103293,A011-AG-012,7
103294,A010-AD-031,9
103295,A010-AG-021,11
103296,A009-AA-033,8
103297,A010-AI-002,16
103298,A015-AJ-053,13
103299,A003-AC-002,6
103300,A003-AB-023,5
103301,A005-AD-013,7
103302,A010-AC-033,13
103303,A011-AH-033,9
103304,A018-AI-031,9
103305,A006-AF-013,10
103306,A011-AH-032,9
103307,A014-AB-003,9
103308,A013-AJ-052,8
103309,A017-AE-032,10
103310,A004-AA-002,4
103311,A019-AG-012,8
103312,A005-AI-042,8
103313,A012-AA-023,4
103314,A016-AC-012,4
103315,A007-AD-021,5
103316,A006-AE-003,6
103317,A012-AG-053,9
103318,A019-AE-043,6
103319,A008-AF-011,9
103320,A001-AH-003,10
103321,A002-AF-021,7
103322,A006-AC-002,10
103323,A002-AD-022,8
103324,A015-AD-032,11
103325,A017-AB-002,5
103326,A002-AG-003,7
103327,A001-AB-033,3
103328,A020-AI-012,4
103329,A014-AD-052,8
103330,A006-AC-021,8
103331,A013-AG-001,6
103332,A014-AD-051,8
103333,A001-AE-043,12
103334,A008-AG-052,9
103335,A002-AE-032,10
103336,A006-AB-003,3
103337,A006-AG-022,12
103338,A003-AH-031,8
103339,A011-AC-042,6
103340,A012-AH-042,8
103341,A010-AJ-041,12
103342,A009-AE-053,9
103343,A020-AI-023,3
103344,A016-AC-051,4
103345,A010-AA-043,6
103346,A008-AA-052,8
103347,A017-AC-012,5
103348,A005-AF-042,13
103349,A016-AG-053,8
103350,A017-AG-002,3
103351,A018-AB-051,14
103352,A013-AC-041,7
103353,A005-AI-011,7
103354,A010-AG-013,15
103355,A014-AI-001,7
103356,A013-AA-002,5
103357,A007-AA-013,7
103358,A004-AH-032,8
103359,A013-AF-002,11
103360,A011-AI-003,9
103361,A016-AA-003,9
103362,A003-AJ-011,8
103363,A003-AI-033,6
103364,A018-AE-012,14
103365,A013-AB-011,10
103366,A018-AD-002,7
103367,A002-AF-042,7
103368,A019-AF-041,7
103369,A012-AA-032,13
103370,A017-AG-031,10
103371,A002-AJ-023,3
103372,A020-AG-021,13
103373,A020-AC-042,7
103374,A006-AE-043,14
103375,A002-AD-011,5
103376,A006-AE-023,6
103377,A007-AJ-053,13
103378,A019-AD-032,6
103379,A009-AC-032,5
103380,A003-AF-023,9
103381,A001-AE-022,9
103382,A012-AB-011,9
103383,A008-AD-042,8
103384,A014-AG-013,7
103385,A001-AA-003,9
103386,A013-AA-041,6
103387,A018-AH-011,6
103388,A013-AC-042,5
103389,A004-AG-042,7
103390,A018-AD-031,7
103391,A009-AF-002,10
103392,A020-AB-001,7
103393,A020-AI-032,8
103394,A014-AI-032,9
103395,A019-AI-052,5
103396,A015-AF-022,13
103397,A007-AH-052,10
103398,A015-AC-013,12
103399,A003-AE-011,4
103400,A012-AF-031,9
103401,A005-AA-033,8
103402,A018-AD-021,7
103403,A012-AD-052,6
103404,A006-AJ-052,9
103405,A017-AD-042,5
103406,A017-AE-013,8
103407,A001-AA-042,9
103408,A011-AD-012,6
103409,A004-AF-053,12
103410,A010-AI-052,10
103411,A007-AG-043,5
103412,A020-AJ-052,9
103413,A020-AH-032,8
103414,A015-AF-051,6
103415,A018-AE-052,6
103416,A007-AA-041,7
103417,A018-AA-051,8
103418,A013-AC-011,4
103419,A016-AF-003,9
103420,A003-AG-002,8
103421,A017-AE-001,8
103422,A016-AE-043,8
103423,A001-AC-033,12
103424,A013-AF-052,9
103425,A006-AH-011,7
103426,A013-AA-022,5
103427,A011-AG-031,5
103428,A014-AF-032,4
103429,A009-AG-051,8
103430,A009-AH-032,13
103431,A002-AE-023,6
103432,A014-AF-041,11
103433,A010-AG-002,11
103434,A016-AE-051,11
103435,A019-AA-012,3
103436,A004-AG-022,8
103437,A015-AC-043,6
103438,A004-AE-043,9
103439,A003-AE-053,7
103440,A002-AA-041,10
103441,A018-AB-053,6
103442,A003-AA-041,14
103443,A012-AC-013,6
103444,A012-AF-053,7
103445,A004-AB-023,13
103446,A005-AJ-052,11
103447,A009-AC-021,6
103448,A010-AA-051,12
103449,A014-AC-043,8
103450,A010-AH-023,12
103451,A014-AD-001,8
103452,A017-AJ-053,12
103453,A006-AJ-043,12
103454,A013-AC-033,8
103455,A013-AH-042,12
103456,A017-AJ-031,6
103457,A006-AG-003,3
103458,A020-AJ-032,6
103459,A007-AA-012,9
103460,A004-AC-031,7
103461,A011-AE-022,7
103462,A015-AG-013,8
103463,A010-AA-001,12
103464,A012-AD-032,5
103465,A015-AJ-003,7
103466,A005-AI-021,9
103467,A008-AB-032,6
103468,A017-AD-021,6
103469,A013-AJ-002,5
103470,A005-AI-001,6
103471,A002-AF-002,9
103472,A007-AA-052,13
103473,A010-AB-013,7
103474,A008-AB-043,4
103475,A019-AD-011,9
103476,A001-AH-013,9
103477,A019-AH-001,6
103478,A006-AC-003,6
103479,A002-AC-042,8
103480,A018-AG-032,7
103481,A018-AE-051,13
103482,A020-AB-043,8
103483,A008-AD-043,4
103484,A016-AF-043,13
103485,A005-AJ-053,8
103486,A013-AG-042,9
103487,A016-AG-032,7
103488,A015-AF-033,7
103489,A007-AB-022,5
103490,A009-AG-021,3
103491,A011-AF-011,8
103492,A004-AH-011,9
103493,A006-AF-041,8
103494,A017-AF-052,11
103495,A013-AB-031,12
103496,A004-AI-052,6
103497,A015-AE-023,7
103498,A014-AI-033,9
103499,A002-AG-012,10
103500,A015-AH-023,8
103501,A016-AF-031,10
103502,A016-AJ-041,8
103503,A007-AA-042,5
103504,A016-AC-031,9
103505,A005-AH-041,13
103506,A009-AA-051,14
103507,A009-AE-012,9
103508,A004-AH-001,4
103509,A009-AD-001,10
103510,A019-AJ-043,4
103511,A015-AE-033,9
103512,A011-AD-011,4
103513,A020-AH-031,9
103514,A020-AH-003,3
103515,A003-AC-053,11
103516,A006-AC-053,7
103517,A020-AE-033,4
103518,A002-AI-003,8
103519,A007-AF-051,6
103520,A018-AF-052,5
103521,A006-AB-051,6
103522,A016-AA-023,5
103523,A002-AA-022,8
103524,A002-AF-043,11
103525,A017-AA-013,9
103526,A005-AD-042,5
103527,A014-AB-021,9
103528,A009-AC-013,9
103529,A015-AA-042,9
103530,A015-AD-001,9
103531,A019-AI-042,10
103532,A007-AG-041,7
103533,A013-AF-033,11
103534,A002-AH-052,11
103535,A009-AG-003,7
103536,A003-AI-022,11
103537,A013-AC-001,7
103538,A011-AE-031,6
103539,A017-AG-001,4
103540,A001-AJ-051,7
103541,A019-AD-033,9
103542,A007-AA-011,10
103543,A014-AH-021,6
103544,A008-AI-012,5
103545,A020-AC-051,7
103546,A009-AB-041,13
103547,A003-AC-001,7
103548,A009-AG-023,12
103549,A003-AB-002,9
103550,A003-AD-012,14
103551,A008-AG-032,9
103552,A018-AD-042,5
103553,A005-AI-053,6
103554,A004-AF-021,5
103555,A007-AD-012,4
103556,A008-AH-022,10
103557,A010-AG-011,6
103558,A016-AI-051,12
103559,A004-AG-013,4
103560,A019-AD-021,6
103561,A018-AC-041,8
103562,A001-AB-023,12
103563,A020-AH-043,9
103564,A019-AE-011,5
103565,A007-AD-013,6
103566,A014-AE-002,8
103567,A011-AC-011,7
103568,A006-AA-003,5
103569,A010-AF-023,9
103570,A013-AE-001,8
103571,A016-AJ-032,11
103572,A015-AH-051,6
103573,A017-AC-052,12
103574,A005-AF-012,8
103575,A013-AH-041,8
103576,A001-AG-001,5
103577,A014-AG-053,11
103578,A012-AE-053,8
103579,A006-AC-052,4
103580,A005-AJ-042,7
103581,A003-AB-013,7
103582,A001-AG-043,5
103583,A001-AH-012,6
103584,A010-AG-001,9
103585,A014-AE-021,8
103586,A002-AJ-043,6
103587,A013-AE-002,8
103588,A017-AI-031,9
103589,A016-AD-053,5
103590,A003-AD-013,9
103591,A017-AH-032,15
103592,A004-AB-042,6
103593,A006-AA-043,7
103594,A006-AF-042,7
103595,A007-AC-032,11
103596,A017-AI-042,7
103597,A001-AF-041,9
103598,A003-AF-021,6
103599,A015-AF-031,12
